entity,period,metric,value,unit,row_role,level,src_sheet,src_row,src_col,scale_applied,scale_source,raw_value,flags
합계 > 계 > 합계,2023,적용인구 (명),51453055,,subtotal,0,데이터,3,4,1,none,,SUBTOTAL_COLOR_BOLD
합계 > 계 > 합계,2024,적용인구 (명),51439246,,subtotal,0,데이터,3,5,1,none,,SUBTOTAL_COLOR_BOLD
합계 > 계 > 1 - 4세,2023,적용인구 (명),1120106,,subtotal,0,데이터,4,4,1,none,,DITTO_FILLED
합계 > 계 > 1 - 4세,2024,적용인구 (명),1048829,,subtotal,0,데이터,4,5,1,none,,DITTO_FILLED
합계 > 계 > 0세,2023,적용인구 (명),228075,,subtotal,0,데이터,5,4,1,none,,DITTO_FILLED
합계 > 계 > 0세,2024,적용인구 (명),237582,,subtotal,0,데이터,5,5,1,none,,DITTO_FILLED
합계 > 계 > 5 - 9세,2023,적용인구 (명),1997362,,subtotal,0,데이터,6,4,1,none,,DITTO_FILLED
합계 > 계 > 5 - 9세,2024,적용인구 (명),1871671,,subtotal,0,데이터,6,5,1,none,,DITTO_FILLED
합계 > 계 > 10 - 14세,2023,적용인구 (명),2300062,,subtotal,0,데이터,7,4,1,none,,DITTO_FILLED
합계 > 계 > 10 - 14세,2024,적용인구 (명),2297496,,subtotal,0,데이터,7,5,1,none,,DITTO_FILLED
합계 > 계 > 15 - 19세,2023,적용인구 (명),2287296,,subtotal,0,데이터,8,4,1,none,,DITTO_FILLED
합계 > 계 > 15 - 19세,2024,적용인구 (명),2272669,,subtotal,0,데이터,8,5,1,none,,DITTO_FILLED
합계 > 계 > 20 - 24세,2023,적용인구 (명),2893742,,subtotal,0,데이터,9,4,1,none,,DITTO_FILLED
합계 > 계 > 20 - 24세,2024,적용인구 (명),2785036,,subtotal,0,데이터,9,5,1,none,,DITTO_FILLED
합계 > 계 > 25 - 29세,2023,적용인구 (명),3574698,,subtotal,0,데이터,10,4,1,none,,DITTO_FILLED
합계 > 계 > 25 - 29세,2024,적용인구 (명),3495842,,subtotal,0,데이터,10,5,1,none,,DITTO_FILLED
합계 > 계 > 30 - 34세,2023,적용인구 (명),3581621,,subtotal,0,데이터,11,4,1,none,,DITTO_FILLED
합계 > 계 > 30 - 34세,2024,적용인구 (명),3671655,,subtotal,0,데이터,11,5,1,none,,DITTO_FILLED
합계 > 계 > 35 - 39세,2023,적용인구 (명),3335789,,subtotal,0,데이터,12,4,1,none,,DITTO_FILLED
합계 > 계 > 35 - 39세,2024,적용인구 (명),3320654,,subtotal,0,데이터,12,5,1,none,,DITTO_FILLED
합계 > 계 > 40 - 44세,2023,적용인구 (명),4135877,,subtotal,0,데이터,13,4,1,none,,DITTO_FILLED
합계 > 계 > 40 - 44세,2024,적용인구 (명),3981128,,subtotal,0,데이터,13,5,1,none,,DITTO_FILLED
합계 > 계 > 45 - 49세,2023,적용인구 (명),3909253,,subtotal,0,데이터,14,4,1,none,,DITTO_FILLED
합계 > 계 > 45 - 49세,2024,적용인구 (명),3885057,,subtotal,0,데이터,14,5,1,none,,DITTO_FILLED
합계 > 계 > 50 - 54세,2023,적용인구 (명),4520410,,subtotal,0,데이터,15,4,1,none,,DITTO_FILLED
합계 > 계 > 50 - 54세,2024,적용인구 (명),4451745,,subtotal,0,데이터,15,5,1,none,,DITTO_FILLED
합계 > 계 > 55 - 59세,2023,적용인구 (명),4183158,,subtotal,0,데이터,16,4,1,none,,DITTO_FILLED
합계 > 계 > 55 - 59세,2024,적용인구 (명),4263057,,subtotal,0,데이터,16,5,1,none,,DITTO_FILLED
합계 > 계 > 60 - 64세,2023,적용인구 (명),4170065,,subtotal,0,데이터,17,4,1,none,,DITTO_FILLED
합계 > 계 > 60 - 64세,2024,적용인구 (명),4147459,,subtotal,0,데이터,17,5,1,none,,DITTO_FILLED
합계 > 계 > 65 - 69세,2023,적용인구 (명),3309991,,subtotal,0,데이터,18,4,1,none,,DITTO_FILLED
합계 > 계 > 65 - 69세,2024,적용인구 (명),3515735,,subtotal,0,데이터,18,5,1,none,,DITTO_FILLED
합계 > 계 > 70 - 74세,2023,적용인구 (명),2160185,,subtotal,0,데이터,19,4,1,none,,DITTO_FILLED
합계 > 계 > 70 - 74세,2024,적용인구 (명),2287022,,subtotal,0,데이터,19,5,1,none,,DITTO_FILLED
합계 > 계 > 75 - 79세,2023,적용인구 (명),1592979,,subtotal,0,데이터,20,4,1,none,,DITTO_FILLED
합계 > 계 > 75 - 79세,2024,적용인구 (명),1673268,,subtotal,0,데이터,20,5,1,none,,DITTO_FILLED
합계 > 계 > 80 - 84세,2023,적용인구 (명),1232406,,subtotal,0,데이터,21,4,1,none,,DITTO_FILLED
합계 > 계 > 80 - 84세,2024,적용인구 (명),1238953,,subtotal,0,데이터,21,5,1,none,,DITTO_FILLED
합계 > 계 > 85세 이상,2023,적용인구 (명),919980,,subtotal,0,데이터,22,4,1,none,,DITTO_FILLED
합계 > 계 > 85세 이상,2024,적용인구 (명),994388,,subtotal,0,데이터,22,5,1,none,,DITTO_FILLED
합계 > 남자 > 합계,2023,적용인구 (명),25752807,,subtotal,0,데이터,23,4,1,none,,DITTO_FILLED
합계 > 남자 > 합계,2024,적용인구 (명),25736965,,subtotal,0,데이터,23,5,1,none,,DITTO_FILLED
합계 > 남자 > 1 - 4세,2023,적용인구 (명),573749,,subtotal,0,데이터,24,4,1,none,,DITTO_FILLED
합계 > 남자 > 1 - 4세,2024,적용인구 (명),536740,,subtotal,0,데이터,24,5,1,none,,DITTO_FILLED
합계 > 남자 > 0세,2023,적용인구 (명),116859,,subtotal,0,데이터,25,4,1,none,,DITTO_FILLED
합계 > 남자 > 0세,2024,적용인구 (명),121606,,subtotal,0,데이터,25,5,1,none,,DITTO_FILLED
합계 > 남자 > 5 - 9세,2023,적용인구 (명),1023779,,subtotal,0,데이터,26,4,1,none,,DITTO_FILLED
합계 > 남자 > 5 - 9세,2024,적용인구 (명),959872,,subtotal,0,데이터,26,5,1,none,,DITTO_FILLED
합계 > 남자 > 10 - 14세,2023,적용인구 (명),1181254,,subtotal,0,데이터,27,4,1,none,,DITTO_FILLED
합계 > 남자 > 10 - 14세,2024,적용인구 (명),1178614,,subtotal,0,데이터,27,5,1,none,,DITTO_FILLED
합계 > 남자 > 15 - 19세,2023,적용인구 (명),1178332,,subtotal,0,데이터,28,4,1,none,,DITTO_FILLED
합계 > 남자 > 15 - 19세,2024,적용인구 (명),1168895,,subtotal,0,데이터,28,5,1,none,,DITTO_FILLED
합계 > 남자 > 20 - 24세,2023,적용인구 (명),1504459,,subtotal,0,데이터,29,4,1,none,,DITTO_FILLED
합계 > 남자 > 20 - 24세,2024,적용인구 (명),1449516,,subtotal,0,데이터,29,5,1,none,,DITTO_FILLED
합계 > 남자 > 25 - 29세,2023,적용인구 (명),1893495,,subtotal,0,데이터,30,4,1,none,,DITTO_FILLED
합계 > 남자 > 25 - 29세,2024,적용인구 (명),1846068,,subtotal,0,데이터,30,5,1,none,,DITTO_FILLED
합계 > 남자 > 30 - 34세,2023,적용인구 (명),1907745,,subtotal,0,데이터,31,4,1,none,,DITTO_FILLED
합계 > 남자 > 30 - 34세,2024,적용인구 (명),1965504,,subtotal,0,데이터,31,5,1,none,,DITTO_FILLED
합계 > 남자 > 35 - 39세,2023,적용인구 (명),1736618,,subtotal,0,데이터,32,4,1,none,,DITTO_FILLED
합계 > 남자 > 35 - 39세,2024,적용인구 (명),1736134,,subtotal,0,데이터,32,5,1,none,,DITTO_FILLED
합계 > 남자 > 40 - 44세,2023,적용인구 (명),2117690,,subtotal,0,데이터,33,4,1,none,,DITTO_FILLED
합계 > 남자 > 40 - 44세,2024,적용인구 (명),2044094,,subtotal,0,데이터,33,5,1,none,,DITTO_FILLED
합계 > 남자 > 45 - 49세,2023,적용인구 (명),1994705,,subtotal,0,데이터,34,4,1,none,,DITTO_FILLED
합계 > 남자 > 45 - 49세,2024,적용인구 (명),1976331,,subtotal,0,데이터,34,5,1,none,,DITTO_FILLED
합계 > 남자 > 50 - 54세,2023,적용인구 (명),2289531,,subtotal,0,데이터,35,4,1,none,,DITTO_FILLED
합계 > 남자 > 50 - 54세,2024,적용인구 (명),2258862,,subtotal,0,데이터,35,5,1,none,,DITTO_FILLED
합계 > 남자 > 55 - 59세,2023,적용인구 (명),2089308,,subtotal,0,데이터,36,4,1,none,,DITTO_FILLED
합계 > 남자 > 55 - 59세,2024,적용인구 (명),2124606,,subtotal,0,데이터,36,5,1,none,,DITTO_FILLED
합계 > 남자 > 60 - 64세,2023,적용인구 (명),2051168,,subtotal,0,데이터,37,4,1,none,,DITTO_FILLED
합계 > 남자 > 60 - 64세,2024,적용인구 (명),2043183,,subtotal,0,데이터,37,5,1,none,,DITTO_FILLED
합계 > 남자 > 65 - 69세,2023,적용인구 (명),1599361,,subtotal,0,데이터,38,4,1,none,,DITTO_FILLED
합계 > 남자 > 65 - 69세,2024,적용인구 (명),1693399,,subtotal,0,데이터,38,5,1,none,,DITTO_FILLED
합계 > 남자 > 70 - 74세,2023,적용인구 (명),1012324,,subtotal,0,데이터,39,4,1,none,,DITTO_FILLED
합계 > 남자 > 70 - 74세,2024,적용인구 (명),1074965,,subtotal,0,데이터,39,5,1,none,,DITTO_FILLED
합계 > 남자 > 75 - 79세,2023,적용인구 (명),713512,,subtotal,0,데이터,40,4,1,none,,DITTO_FILLED
합계 > 남자 > 75 - 79세,2024,적용인구 (명),754500,,subtotal,0,데이터,40,5,1,none,,DITTO_FILLED
합계 > 남자 > 80 - 84세,2023,적용인구 (명),488424,,subtotal,0,데이터,41,4,1,none,,DITTO_FILLED
합계 > 남자 > 80 - 84세,2024,적용인구 (명),495632,,subtotal,0,데이터,41,5,1,none,,DITTO_FILLED
합계 > 남자 > 85세 이상,2023,적용인구 (명),280494,,subtotal,0,데이터,42,4,1,none,,DITTO_FILLED
합계 > 남자 > 85세 이상,2024,적용인구 (명),308444,,subtotal,0,데이터,42,5,1,none,,DITTO_FILLED
합계 > 여자 > 합계,2023,적용인구 (명),25700248,,subtotal,0,데이터,43,4,1,none,,DITTO_FILLED
합계 > 여자 > 합계,2024,적용인구 (명),25702281,,subtotal,0,데이터,43,5,1,none,,DITTO_FILLED
합계 > 여자 > 1 - 4세,2023,적용인구 (명),546357,,subtotal,0,데이터,44,4,1,none,,DITTO_FILLED
합계 > 여자 > 1 - 4세,2024,적용인구 (명),512089,,subtotal,0,데이터,44,5,1,none,,DITTO_FILLED
합계 > 여자 > 0세,2023,적용인구 (명),111216,,subtotal,0,데이터,45,4,1,none,,DITTO_FILLED
합계 > 여자 > 0세,2024,적용인구 (명),115976,,subtotal,0,데이터,45,5,1,none,,DITTO_FILLED
합계 > 여자 > 5 - 9세,2023,적용인구 (명),973583,,subtotal,0,데이터,46,4,1,none,,DITTO_FILLED
합계 > 여자 > 5 - 9세,2024,적용인구 (명),911799,,subtotal,0,데이터,46,5,1,none,,DITTO_FILLED
합계 > 여자 > 10 - 14세,2023,적용인구 (명),1118808,,subtotal,0,데이터,47,4,1,none,,DITTO_FILLED
합계 > 여자 > 10 - 14세,2024,적용인구 (명),1118882,,subtotal,0,데이터,47,5,1,none,,DITTO_FILLED
합계 > 여자 > 15 - 19세,2023,적용인구 (명),1108964,,subtotal,0,데이터,48,4,1,none,,DITTO_FILLED
합계 > 여자 > 15 - 19세,2024,적용인구 (명),1103774,,subtotal,0,데이터,48,5,1,none,,DITTO_FILLED
합계 > 여자 > 20 - 24세,2023,적용인구 (명),1389283,,subtotal,0,데이터,49,4,1,none,,DITTO_FILLED
합계 > 여자 > 20 - 24세,2024,적용인구 (명),1335520,,subtotal,0,데이터,49,5,1,none,,DITTO_FILLED
합계 > 여자 > 25 - 29세,2023,적용인구 (명),1681203,,subtotal,0,데이터,50,4,1,none,,DITTO_FILLED
합계 > 여자 > 25 - 29세,2024,적용인구 (명),1649774,,subtotal,0,데이터,50,5,1,none,,DITTO_FILLED
합계 > 여자 > 30 - 34세,2023,적용인구 (명),1673876,,subtotal,0,데이터,51,4,1,none,,DITTO_FILLED
합계 > 여자 > 30 - 34세,2024,적용인구 (명),1706151,,subtotal,0,데이터,51,5,1,none,,DITTO_FILLED
합계 > 여자 > 35 - 39세,2023,적용인구 (명),1599171,,subtotal,0,데이터,52,4,1,none,,DITTO_FILLED
합계 > 여자 > 35 - 39세,2024,적용인구 (명),1584520,,subtotal,0,데이터,52,5,1,none,,DITTO_FILLED
합계 > 여자 > 40 - 44세,2023,적용인구 (명),2018187,,subtotal,0,데이터,53,4,1,none,,DITTO_FILLED
합계 > 여자 > 40 - 44세,2024,적용인구 (명),1937034,,subtotal,0,데이터,53,5,1,none,,DITTO_FILLED
합계 > 여자 > 45 - 49세,2023,적용인구 (명),1914548,,subtotal,0,데이터,54,4,1,none,,DITTO_FILLED
합계 > 여자 > 45 - 49세,2024,적용인구 (명),1908726,,subtotal,0,데이터,54,5,1,none,,DITTO_FILLED
합계 > 여자 > 50 - 54세,2023,적용인구 (명),2230879,,subtotal,0,데이터,55,4,1,none,,DITTO_FILLED
합계 > 여자 > 50 - 54세,2024,적용인구 (명),2192883,,subtotal,0,데이터,55,5,1,none,,DITTO_FILLED
합계 > 여자 > 55 - 59세,2023,적용인구 (명),2093850,,subtotal,0,데이터,56,4,1,none,,DITTO_FILLED
합계 > 여자 > 55 - 59세,2024,적용인구 (명),2138451,,subtotal,0,데이터,56,5,1,none,,DITTO_FILLED
합계 > 여자 > 60 - 64세,2023,적용인구 (명),2118897,,subtotal,0,데이터,57,4,1,none,,DITTO_FILLED
합계 > 여자 > 60 - 64세,2024,적용인구 (명),2104276,,subtotal,0,데이터,57,5,1,none,,DITTO_FILLED
합계 > 여자 > 65 - 69세,2023,적용인구 (명),1710630,,subtotal,0,데이터,58,4,1,none,,DITTO_FILLED
합계 > 여자 > 65 - 69세,2024,적용인구 (명),1822336,,subtotal,0,데이터,58,5,1,none,,DITTO_FILLED
합계 > 여자 > 70 - 74세,2023,적용인구 (명),1147861,,subtotal,0,데이터,59,4,1,none,,DITTO_FILLED
합계 > 여자 > 70 - 74세,2024,적용인구 (명),1212057,,subtotal,0,데이터,59,5,1,none,,DITTO_FILLED
합계 > 여자 > 75 - 79세,2023,적용인구 (명),879467,,subtotal,0,데이터,60,4,1,none,,DITTO_FILLED
합계 > 여자 > 75 - 79세,2024,적용인구 (명),918768,,subtotal,0,데이터,60,5,1,none,,DITTO_FILLED
합계 > 여자 > 80 - 84세,2023,적용인구 (명),743982,,subtotal,0,데이터,61,4,1,none,,DITTO_FILLED
합계 > 여자 > 80 - 84세,2024,적용인구 (명),743321,,subtotal,0,데이터,61,5,1,none,,DITTO_FILLED
합계 > 여자 > 85세 이상,2023,적용인구 (명),639486,,subtotal,0,데이터,62,4,1,none,,DITTO_FILLED
합계 > 여자 > 85세 이상,2024,적용인구 (명),685944,,subtotal,0,데이터,62,5,1,none,,DITTO_FILLED
서울특별시 > 계 > 합계,2023,적용인구 (명),9468103,,subtotal,0,데이터,63,4,1,none,,
서울특별시 > 계 > 합계,2024,적용인구 (명),9428822,,subtotal,0,데이터,63,5,1,none,,
서울특별시 > 계 > 1 - 4세,2023,적용인구 (명),177582,,subtotal,0,데이터,64,4,1,none,,DITTO_FILLED
서울특별시 > 계 > 1 - 4세,2024,적용인구 (명),165510,,subtotal,0,데이터,64,5,1,none,,DITTO_FILLED
서울특별시 > 계 > 0세,2023,적용인구 (명),38160,,subtotal,0,데이터,65,4,1,none,,DITTO_FILLED
서울특별시 > 계 > 0세,2024,적용인구 (명),39887,,subtotal,0,데이터,65,5,1,none,,DITTO_FILLED
서울특별시 > 계 > 5 - 9세,2023,적용인구 (명),301320,,subtotal,0,데이터,66,4,1,none,,DITTO_FILLED
서울특별시 > 계 > 5 - 9세,2024,적용인구 (명),282439,,subtotal,0,데이터,66,5,1,none,,DITTO_FILLED
서울특별시 > 계 > 10 - 14세,2023,적용인구 (명),351667,,subtotal,0,데이터,67,4,1,none,,DITTO_FILLED
서울특별시 > 계 > 10 - 14세,2024,적용인구 (명),349419,,subtotal,0,데이터,67,5,1,none,,DITTO_FILLED
서울특별시 > 계 > 15 - 19세,2023,적용인구 (명),375514,,subtotal,0,데이터,68,4,1,none,,DITTO_FILLED
서울특별시 > 계 > 15 - 19세,2024,적용인구 (명),368510,,subtotal,0,데이터,68,5,1,none,,DITTO_FILLED
서울특별시 > 계 > 20 - 24세,2023,적용인구 (명),584325,,subtotal,0,데이터,69,4,1,none,,DITTO_FILLED
서울특별시 > 계 > 20 - 24세,2024,적용인구 (명),565800,,subtotal,0,데이터,69,5,1,none,,DITTO_FILLED
서울특별시 > 계 > 25 - 29세,2023,적용인구 (명),831292,,subtotal,0,데이터,70,4,1,none,,DITTO_FILLED
서울특별시 > 계 > 25 - 29세,2024,적용인구 (명),810033,,subtotal,0,데이터,70,5,1,none,,DITTO_FILLED
서울특별시 > 계 > 30 - 34세,2023,적용인구 (명),805968,,subtotal,0,데이터,71,4,1,none,,DITTO_FILLED
서울특별시 > 계 > 30 - 34세,2024,적용인구 (명),823792,,subtotal,0,데이터,71,5,1,none,,DITTO_FILLED
서울특별시 > 계 > 35 - 39세,2023,적용인구 (명),676865,,subtotal,0,데이터,72,4,1,none,,DITTO_FILLED
서울특별시 > 계 > 35 - 39세,2024,적용인구 (명),674796,,subtotal,0,데이터,72,5,1,none,,DITTO_FILLED
서울특별시 > 계 > 40 - 44세,2023,적용인구 (명),756157,,subtotal,0,데이터,73,4,1,none,,DITTO_FILLED
서울특별시 > 계 > 40 - 44세,2024,적용인구 (명),729559,,subtotal,0,데이터,73,5,1,none,,DITTO_FILLED
서울특별시 > 계 > 45 - 49세,2023,적용인구 (명),694491,,subtotal,0,데이터,74,4,1,none,,DITTO_FILLED
서울특별시 > 계 > 45 - 49세,2024,적용인구 (명),688721,,subtotal,0,데이터,74,5,1,none,,DITTO_FILLED
서울특별시 > 계 > 50 - 54세,2023,적용인구 (명),803770,,subtotal,0,데이터,75,4,1,none,,DITTO_FILLED
서울특별시 > 계 > 50 - 54세,2024,적용인구 (명),786837,,subtotal,0,데이터,75,5,1,none,,DITTO_FILLED
서울특별시 > 계 > 55 - 59세,2023,적용인구 (명),708935,,subtotal,0,데이터,76,4,1,none,,DITTO_FILLED
서울특별시 > 계 > 55 - 59세,2024,적용인구 (명),717733,,subtotal,0,데이터,76,5,1,none,,DITTO_FILLED
서울특별시 > 계 > 60 - 64세,2023,적용인구 (명),707251,,subtotal,0,데이터,77,4,1,none,,DITTO_FILLED
서울특별시 > 계 > 60 - 64세,2024,적용인구 (명),694887,,subtotal,0,데이터,77,5,1,none,,DITTO_FILLED
서울특별시 > 계 > 65 - 69세,2023,적용인구 (명),598010,,subtotal,0,데이터,78,4,1,none,,DITTO_FILLED
서울특별시 > 계 > 65 - 69세,2024,적용인구 (명),621612,,subtotal,0,데이터,78,5,1,none,,DITTO_FILLED
서울특별시 > 계 > 70 - 74세,2023,적용인구 (명),400688,,subtotal,0,데이터,79,4,1,none,,DITTO_FILLED
서울특별시 > 계 > 70 - 74세,2024,적용인구 (명),419795,,subtotal,0,데이터,79,5,1,none,,DITTO_FILLED
서울특별시 > 계 > 75 - 79세,2023,적용인구 (명),301891,,subtotal,0,데이터,80,4,1,none,,DITTO_FILLED
서울특별시 > 계 > 75 - 79세,2024,적용인구 (명),316591,,subtotal,0,데이터,80,5,1,none,,DITTO_FILLED
서울특별시 > 계 > 80 - 84세,2023,적용인구 (명),211922,,subtotal,0,데이터,81,4,1,none,,DITTO_FILLED
서울특별시 > 계 > 80 - 84세,2024,적용인구 (명),217518,,subtotal,0,데이터,81,5,1,none,,DITTO_FILLED
서울특별시 > 계 > 85세 이상,2023,적용인구 (명),142295,,subtotal,0,데이터,82,4,1,none,,DITTO_FILLED
서울특별시 > 계 > 85세 이상,2024,적용인구 (명),155383,,subtotal,0,데이터,82,5,1,none,,DITTO_FILLED
서울특별시 > 남자 > 합계,2023,적용인구 (명),4570143,,subtotal,0,데이터,83,4,1,none,,DITTO_FILLED
서울특별시 > 남자 > 합계,2024,적용인구 (명),4539694,,subtotal,0,데이터,83,5,1,none,,DITTO_FILLED
서울특별시 > 남자 > 1 - 4세,2023,적용인구 (명),91415,,data,0,데이터,84,4,1,none,,DITTO_FILLED
서울특별시 > 남자 > 1 - 4세,2024,적용인구 (명),84877,,data,0,데이터,84,5,1,none,,DITTO_FILLED
서울특별시 > 남자 > 0세,2023,적용인구 (명),19586,,data,0,데이터,85,4,1,none,,DITTO_FILLED
서울특별시 > 남자 > 0세,2024,적용인구 (명),20350,,data,0,데이터,85,5,1,none,,DITTO_FILLED
서울특별시 > 남자 > 5 - 9세,2023,적용인구 (명),154255,,data,0,데이터,86,4,1,none,,DITTO_FILLED
서울특별시 > 남자 > 5 - 9세,2024,적용인구 (명),145044,,data,0,데이터,86,5,1,none,,DITTO_FILLED
서울특별시 > 남자 > 10 - 14세,2023,적용인구 (명),180565,,data,0,데이터,87,4,1,none,,DITTO_FILLED
서울특별시 > 남자 > 10 - 14세,2024,적용인구 (명),179386,,data,0,데이터,87,5,1,none,,DITTO_FILLED
서울특별시 > 남자 > 15 - 19세,2023,적용인구 (명),190738,,data,0,데이터,88,4,1,none,,DITTO_FILLED
서울특별시 > 남자 > 15 - 19세,2024,적용인구 (명),186833,,data,0,데이터,88,5,1,none,,DITTO_FILLED
서울특별시 > 남자 > 20 - 24세,2023,적용인구 (명),267042,,data,0,데이터,89,4,1,none,,DITTO_FILLED
서울특별시 > 남자 > 20 - 24세,2024,적용인구 (명),257321,,data,0,데이터,89,5,1,none,,DITTO_FILLED
서울특별시 > 남자 > 25 - 29세,2023,적용인구 (명),392193,,data,0,데이터,90,4,1,none,,DITTO_FILLED
서울특별시 > 남자 > 25 - 29세,2024,적용인구 (명),377489,,data,0,데이터,90,5,1,none,,DITTO_FILLED
서울특별시 > 남자 > 30 - 34세,2023,적용인구 (명),402565,,data,0,데이터,91,4,1,none,,DITTO_FILLED
서울특별시 > 남자 > 30 - 34세,2024,적용인구 (명),411645,,data,0,데이터,91,5,1,none,,DITTO_FILLED
서울특별시 > 남자 > 35 - 39세,2023,적용인구 (명),338216,,data,0,데이터,92,4,1,none,,DITTO_FILLED
서울특별시 > 남자 > 35 - 39세,2024,적용인구 (명),337083,,data,0,데이터,92,5,1,none,,DITTO_FILLED
서울특별시 > 남자 > 40 - 44세,2023,적용인구 (명),376663,,data,0,데이터,93,4,1,none,,DITTO_FILLED
서울특별시 > 남자 > 40 - 44세,2024,적용인구 (명),363987,,data,0,데이터,93,5,1,none,,DITTO_FILLED
서울특별시 > 남자 > 45 - 49세,2023,적용인구 (명),345281,,data,0,데이터,94,4,1,none,,DITTO_FILLED
서울특별시 > 남자 > 45 - 49세,2024,적용인구 (명),340205,,data,0,데이터,94,5,1,none,,DITTO_FILLED
서울특별시 > 남자 > 50 - 54세,2023,적용인구 (명),397783,,data,0,데이터,95,4,1,none,,DITTO_FILLED
서울특별시 > 남자 > 50 - 54세,2024,적용인구 (명),389866,,data,0,데이터,95,5,1,none,,DITTO_FILLED
서울특별시 > 남자 > 55 - 59세,2023,적용인구 (명),344369,,data,0,데이터,96,4,1,none,,DITTO_FILLED
서울특별시 > 남자 > 55 - 59세,2024,적용인구 (명),349363,,data,0,데이터,96,5,1,none,,DITTO_FILLED
서울특별시 > 남자 > 60 - 64세,2023,적용인구 (명),334516,,data,0,데이터,97,4,1,none,,DITTO_FILLED
서울특별시 > 남자 > 60 - 64세,2024,적용인구 (명),329171,,data,0,데이터,97,5,1,none,,DITTO_FILLED
서울특별시 > 남자 > 65 - 69세,2023,적용인구 (명),276335,,data,0,데이터,98,4,1,none,,DITTO_FILLED
서울특별시 > 남자 > 65 - 69세,2024,적용인구 (명),285967,,data,0,데이터,98,5,1,none,,DITTO_FILLED
서울특별시 > 남자 > 70 - 74세,2023,적용인구 (명),183327,,data,0,데이터,99,4,1,none,,DITTO_FILLED
서울특별시 > 남자 > 70 - 74세,2024,적용인구 (명),191896,,data,0,데이터,99,5,1,none,,DITTO_FILLED
서울특별시 > 남자 > 75 - 79세,2023,적용인구 (명),134889,,data,0,데이터,100,4,1,none,,DITTO_FILLED
서울특별시 > 남자 > 75 - 79세,2024,적용인구 (명),140716,,data,0,데이터,100,5,1,none,,DITTO_FILLED
서울특별시 > 남자 > 80 - 84세,2023,적용인구 (명),91259,,data,0,데이터,101,4,1,none,,DITTO_FILLED
서울특별시 > 남자 > 80 - 84세,2024,적용인구 (명),93779,,data,0,데이터,101,5,1,none,,DITTO_FILLED
서울특별시 > 남자 > 85세 이상,2023,적용인구 (명),49146,,data,0,데이터,102,4,1,none,,DITTO_FILLED
서울특별시 > 남자 > 85세 이상,2024,적용인구 (명),54716,,data,0,데이터,102,5,1,none,,DITTO_FILLED
서울특별시 > 여자 > 합계,2023,적용인구 (명),4897960,,subtotal,0,데이터,103,4,1,none,,DITTO_FILLED
서울특별시 > 여자 > 합계,2024,적용인구 (명),4889128,,subtotal,0,데이터,103,5,1,none,,DITTO_FILLED
서울특별시 > 여자 > 1 - 4세,2023,적용인구 (명),86167,,data,0,데이터,104,4,1,none,,DITTO_FILLED
서울특별시 > 여자 > 1 - 4세,2024,적용인구 (명),80633,,data,0,데이터,104,5,1,none,,DITTO_FILLED
서울특별시 > 여자 > 0세,2023,적용인구 (명),18574,,data,0,데이터,105,4,1,none,,DITTO_FILLED
서울특별시 > 여자 > 0세,2024,적용인구 (명),19537,,data,0,데이터,105,5,1,none,,DITTO_FILLED
서울특별시 > 여자 > 5 - 9세,2023,적용인구 (명),147065,,data,0,데이터,106,4,1,none,,DITTO_FILLED
서울특별시 > 여자 > 5 - 9세,2024,적용인구 (명),137395,,data,0,데이터,106,5,1,none,,DITTO_FILLED
서울특별시 > 여자 > 10 - 14세,2023,적용인구 (명),171102,,data,0,데이터,107,4,1,none,,DITTO_FILLED
서울특별시 > 여자 > 10 - 14세,2024,적용인구 (명),170033,,data,0,데이터,107,5,1,none,,DITTO_FILLED
서울특별시 > 여자 > 15 - 19세,2023,적용인구 (명),184776,,data,0,데이터,108,4,1,none,,DITTO_FILLED
서울특별시 > 여자 > 15 - 19세,2024,적용인구 (명),181677,,data,0,데이터,108,5,1,none,,DITTO_FILLED
서울특별시 > 여자 > 20 - 24세,2023,적용인구 (명),317283,,data,0,데이터,109,4,1,none,,DITTO_FILLED
서울특별시 > 여자 > 20 - 24세,2024,적용인구 (명),308479,,data,0,데이터,109,5,1,none,,DITTO_FILLED
서울특별시 > 여자 > 25 - 29세,2023,적용인구 (명),439099,,data,0,데이터,110,4,1,none,,DITTO_FILLED
서울특별시 > 여자 > 25 - 29세,2024,적용인구 (명),432544,,data,0,데이터,110,5,1,none,,DITTO_FILLED
서울특별시 > 여자 > 30 - 34세,2023,적용인구 (명),403403,,data,0,데이터,111,4,1,none,,DITTO_FILLED
서울특별시 > 여자 > 30 - 34세,2024,적용인구 (명),412147,,data,0,데이터,111,5,1,none,,DITTO_FILLED
서울특별시 > 여자 > 35 - 39세,2023,적용인구 (명),338649,,data,0,데이터,112,4,1,none,,DITTO_FILLED
서울특별시 > 여자 > 35 - 39세,2024,적용인구 (명),337713,,data,0,데이터,112,5,1,none,,DITTO_FILLED
서울특별시 > 여자 > 40 - 44세,2023,적용인구 (명),379494,,data,0,데이터,113,4,1,none,,DITTO_FILLED
서울특별시 > 여자 > 40 - 44세,2024,적용인구 (명),365572,,data,0,데이터,113,5,1,none,,DITTO_FILLED
서울특별시 > 여자 > 45 - 49세,2023,적용인구 (명),349210,,data,0,데이터,114,4,1,none,,DITTO_FILLED
서울특별시 > 여자 > 45 - 49세,2024,적용인구 (명),348516,,data,0,데이터,114,5,1,none,,DITTO_FILLED
서울특별시 > 여자 > 50 - 54세,2023,적용인구 (명),405987,,data,0,데이터,115,4,1,none,,DITTO_FILLED
서울특별시 > 여자 > 50 - 54세,2024,적용인구 (명),396971,,data,0,데이터,115,5,1,none,,DITTO_FILLED
서울특별시 > 여자 > 55 - 59세,2023,적용인구 (명),364566,,data,0,데이터,116,4,1,none,,DITTO_FILLED
서울특별시 > 여자 > 55 - 59세,2024,적용인구 (명),368370,,data,0,데이터,116,5,1,none,,DITTO_FILLED
서울특별시 > 여자 > 60 - 64세,2023,적용인구 (명),372735,,data,0,데이터,117,4,1,none,,DITTO_FILLED
서울특별시 > 여자 > 60 - 64세,2024,적용인구 (명),365716,,data,0,데이터,117,5,1,none,,DITTO_FILLED
서울특별시 > 여자 > 65 - 69세,2023,적용인구 (명),321675,,data,0,데이터,118,4,1,none,,DITTO_FILLED
서울특별시 > 여자 > 65 - 69세,2024,적용인구 (명),335645,,data,0,데이터,118,5,1,none,,DITTO_FILLED
서울특별시 > 여자 > 70 - 74세,2023,적용인구 (명),217361,,data,0,데이터,119,4,1,none,,DITTO_FILLED
서울특별시 > 여자 > 70 - 74세,2024,적용인구 (명),227899,,data,0,데이터,119,5,1,none,,DITTO_FILLED
서울특별시 > 여자 > 75 - 79세,2023,적용인구 (명),167002,,data,0,데이터,120,4,1,none,,DITTO_FILLED
서울특별시 > 여자 > 75 - 79세,2024,적용인구 (명),175875,,data,0,데이터,120,5,1,none,,DITTO_FILLED
서울특별시 > 여자 > 80 - 84세,2023,적용인구 (명),120663,,data,0,데이터,121,4,1,none,,DITTO_FILLED
서울특별시 > 여자 > 80 - 84세,2024,적용인구 (명),123739,,data,0,데이터,121,5,1,none,,DITTO_FILLED
서울특별시 > 여자 > 85세 이상,2023,적용인구 (명),93149,,data,0,데이터,122,4,1,none,,DITTO_FILLED
서울특별시 > 여자 > 85세 이상,2024,적용인구 (명),100667,,data,0,데이터,122,5,1,none,,DITTO_FILLED
부산광역시 > 계 > 합계,2023,적용인구 (명),3206681,,subtotal,0,데이터,123,4,1,none,,
부산광역시 > 계 > 합계,2024,적용인구 (명),3184480,,subtotal,0,데이터,123,5,1,none,,
부산광역시 > 계 > 1 - 4세,2023,적용인구 (명),62471,,subtotal,0,데이터,124,4,1,none,,DITTO_FILLED
부산광역시 > 계 > 1 - 4세,2024,적용인구 (명),58168,,subtotal,0,데이터,124,5,1,none,,DITTO_FILLED
부산광역시 > 계 > 0세,2023,적용인구 (명),12596,,subtotal,0,데이터,125,4,1,none,,DITTO_FILLED
부산광역시 > 계 > 0세,2024,적용인구 (명),12866,,subtotal,0,데이터,125,5,1,none,,DITTO_FILLED
부산광역시 > 계 > 5 - 9세,2023,적용인구 (명),117363,,subtotal,0,데이터,126,4,1,none,,DITTO_FILLED
부산광역시 > 계 > 5 - 9세,2024,적용인구 (명),109078,,subtotal,0,데이터,126,5,1,none,,DITTO_FILLED
부산광역시 > 계 > 10 - 14세,2023,적용인구 (명),130495,,subtotal,0,데이터,127,4,1,none,,DITTO_FILLED
부산광역시 > 계 > 10 - 14세,2024,적용인구 (명),132108,,subtotal,0,데이터,127,5,1,none,,DITTO_FILLED
부산광역시 > 계 > 15 - 19세,2023,적용인구 (명),125699,,subtotal,0,데이터,128,4,1,none,,DITTO_FILLED
부산광역시 > 계 > 15 - 19세,2024,적용인구 (명),124762,,subtotal,0,데이터,128,5,1,none,,DITTO_FILLED
부산광역시 > 계 > 20 - 24세,2023,적용인구 (명),175993,,subtotal,0,데이터,129,4,1,none,,DITTO_FILLED
부산광역시 > 계 > 20 - 24세,2024,적용인구 (명),169269,,subtotal,0,데이터,129,5,1,none,,DITTO_FILLED
부산광역시 > 계 > 25 - 29세,2023,적용인구 (명),209532,,subtotal,0,데이터,130,4,1,none,,DITTO_FILLED
부산광역시 > 계 > 25 - 29세,2024,적용인구 (명),201072,,subtotal,0,데이터,130,5,1,none,,DITTO_FILLED
부산광역시 > 계 > 30 - 34세,2023,적용인구 (명),208927,,subtotal,0,데이터,131,4,1,none,,DITTO_FILLED
부산광역시 > 계 > 30 - 34세,2024,적용인구 (명),210256,,subtotal,0,데이터,131,5,1,none,,DITTO_FILLED
부산광역시 > 계 > 35 - 39세,2023,적용인구 (명),191553,,subtotal,0,데이터,132,4,1,none,,DITTO_FILLED
부산광역시 > 계 > 35 - 39세,2024,적용인구 (명),189461,,subtotal,0,데이터,132,5,1,none,,DITTO_FILLED
부산광역시 > 계 > 40 - 44세,2023,적용인구 (명),251065,,subtotal,0,데이터,133,4,1,none,,DITTO_FILLED
부산광역시 > 계 > 40 - 44세,2024,적용인구 (명),238683,,subtotal,0,데이터,133,5,1,none,,DITTO_FILLED
부산광역시 > 계 > 45 - 49세,2023,적용인구 (명),230133,,subtotal,0,데이터,134,4,1,none,,DITTO_FILLED
부산광역시 > 계 > 45 - 49세,2024,적용인구 (명),229811,,subtotal,0,데이터,134,5,1,none,,DITTO_FILLED
부산광역시 > 계 > 50 - 54세,2023,적용인구 (명),267506,,subtotal,0,데이터,135,4,1,none,,DITTO_FILLED
부산광역시 > 계 > 50 - 54세,2024,적용인구 (명),261360,,subtotal,0,데이터,135,5,1,none,,DITTO_FILLED
부산광역시 > 계 > 55 - 59세,2023,적용인구 (명),256155,,subtotal,0,데이터,136,4,1,none,,DITTO_FILLED
부산광역시 > 계 > 55 - 59세,2024,적용인구 (명),258395,,subtotal,0,데이터,136,5,1,none,,DITTO_FILLED
부산광역시 > 계 > 60 - 64세,2023,적용인구 (명),281805,,subtotal,0,데이터,137,4,1,none,,DITTO_FILLED
부산광역시 > 계 > 60 - 64세,2024,적용인구 (명),272022,,subtotal,0,데이터,137,5,1,none,,DITTO_FILLED
부산광역시 > 계 > 65 - 69세,2023,적용인구 (명),248693,,subtotal,0,데이터,138,4,1,none,,DITTO_FILLED
부산광역시 > 계 > 65 - 69세,2024,적용인구 (명),258223,,subtotal,0,데이터,138,5,1,none,,DITTO_FILLED
부산광역시 > 계 > 70 - 74세,2023,적용인구 (명),173422,,subtotal,0,데이터,139,4,1,none,,DITTO_FILLED
부산광역시 > 계 > 70 - 74세,2024,적용인구 (명),181101,,subtotal,0,데이터,139,5,1,none,,DITTO_FILLED
부산광역시 > 계 > 75 - 79세,2023,적용인구 (명),122344,,subtotal,0,데이터,140,4,1,none,,DITTO_FILLED
부산광역시 > 계 > 75 - 79세,2024,적용인구 (명),129460,,subtotal,0,데이터,140,5,1,none,,DITTO_FILLED
부산광역시 > 계 > 80 - 84세,2023,적용인구 (명),86908,,subtotal,0,데이터,141,4,1,none,,DITTO_FILLED
부산광역시 > 계 > 80 - 84세,2024,적용인구 (명),89171,,subtotal,0,데이터,141,5,1,none,,DITTO_FILLED
부산광역시 > 계 > 85세 이상,2023,적용인구 (명),54021,,subtotal,0,데이터,142,4,1,none,,DITTO_FILLED
부산광역시 > 계 > 85세 이상,2024,적용인구 (명),59214,,subtotal,0,데이터,142,5,1,none,,DITTO_FILLED
부산광역시 > 남자 > 합계,2023,적용인구 (명),1569175,,subtotal,0,데이터,143,4,1,none,,DITTO_FILLED
부산광역시 > 남자 > 합계,2024,적용인구 (명),1556194,,subtotal,0,데이터,143,5,1,none,,DITTO_FILLED
부산광역시 > 남자 > 1 - 4세,2023,적용인구 (명),32023,,data,0,데이터,144,4,1,none,,DITTO_FILLED
부산광역시 > 남자 > 1 - 4세,2024,적용인구 (명),29921,,data,0,데이터,144,5,1,none,,DITTO_FILLED
부산광역시 > 남자 > 0세,2023,적용인구 (명),6471,,data,0,데이터,145,4,1,none,,DITTO_FILLED
부산광역시 > 남자 > 0세,2024,적용인구 (명),6563,,data,0,데이터,145,5,1,none,,DITTO_FILLED
부산광역시 > 남자 > 5 - 9세,2023,적용인구 (명),60194,,data,0,데이터,146,4,1,none,,DITTO_FILLED
부산광역시 > 남자 > 5 - 9세,2024,적용인구 (명),55740,,data,0,데이터,146,5,1,none,,DITTO_FILLED
부산광역시 > 남자 > 10 - 14세,2023,적용인구 (명),66945,,data,0,데이터,147,4,1,none,,DITTO_FILLED
부산광역시 > 남자 > 10 - 14세,2024,적용인구 (명),67752,,data,0,데이터,147,5,1,none,,DITTO_FILLED
부산광역시 > 남자 > 15 - 19세,2023,적용인구 (명),64422,,data,0,데이터,148,4,1,none,,DITTO_FILLED
부산광역시 > 남자 > 15 - 19세,2024,적용인구 (명),63920,,data,0,데이터,148,5,1,none,,DITTO_FILLED
부산광역시 > 남자 > 20 - 24세,2023,적용인구 (명),90145,,data,0,데이터,149,4,1,none,,DITTO_FILLED
부산광역시 > 남자 > 20 - 24세,2024,적용인구 (명),86576,,data,0,데이터,149,5,1,none,,DITTO_FILLED
부산광역시 > 남자 > 25 - 29세,2023,적용인구 (명),108343,,data,0,데이터,150,4,1,none,,DITTO_FILLED
부산광역시 > 남자 > 25 - 29세,2024,적용인구 (명),103700,,data,0,데이터,150,5,1,none,,DITTO_FILLED
부산광역시 > 남자 > 30 - 34세,2023,적용인구 (명),109499,,data,0,데이터,151,4,1,none,,DITTO_FILLED
부산광역시 > 남자 > 30 - 34세,2024,적용인구 (명),110472,,data,0,데이터,151,5,1,none,,DITTO_FILLED
부산광역시 > 남자 > 35 - 39세,2023,적용인구 (명),98755,,data,0,데이터,152,4,1,none,,DITTO_FILLED
부산광역시 > 남자 > 35 - 39세,2024,적용인구 (명),98048,,data,0,데이터,152,5,1,none,,DITTO_FILLED
부산광역시 > 남자 > 40 - 44세,2023,적용인구 (명),127559,,data,0,데이터,153,4,1,none,,DITTO_FILLED
부산광역시 > 남자 > 40 - 44세,2024,적용인구 (명),121686,,data,0,데이터,153,5,1,none,,DITTO_FILLED
부산광역시 > 남자 > 45 - 49세,2023,적용인구 (명),116546,,data,0,데이터,154,4,1,none,,DITTO_FILLED
부산광역시 > 남자 > 45 - 49세,2024,적용인구 (명),116207,,data,0,데이터,154,5,1,none,,DITTO_FILLED
부산광역시 > 남자 > 50 - 54세,2023,적용인구 (명),132079,,data,0,데이터,155,4,1,none,,DITTO_FILLED
부산광역시 > 남자 > 50 - 54세,2024,적용인구 (명),129609,,data,0,데이터,155,5,1,none,,DITTO_FILLED
부산광역시 > 남자 > 55 - 59세,2023,적용인구 (명),122258,,data,0,데이터,156,4,1,none,,DITTO_FILLED
부산광역시 > 남자 > 55 - 59세,2024,적용인구 (명),123402,,data,0,데이터,156,5,1,none,,DITTO_FILLED
부산광역시 > 남자 > 60 - 64세,2023,적용인구 (명),130922,,data,0,데이터,157,4,1,none,,DITTO_FILLED
부산광역시 > 남자 > 60 - 64세,2024,적용인구 (명),126610,,data,0,데이터,157,5,1,none,,DITTO_FILLED
부산광역시 > 남자 > 65 - 69세,2023,적용인구 (명),115942,,data,0,데이터,158,4,1,none,,DITTO_FILLED
부산광역시 > 남자 > 65 - 69세,2024,적용인구 (명),118535,,data,0,데이터,158,5,1,none,,DITTO_FILLED
부산광역시 > 남자 > 70 - 74세,2023,적용인구 (명),79140,,data,0,데이터,159,4,1,none,,DITTO_FILLED
부산광역시 > 남자 > 70 - 74세,2024,적용인구 (명),83339,,data,0,데이터,159,5,1,none,,DITTO_FILLED
부산광역시 > 남자 > 75 - 79세,2023,적용인구 (명),55004,,data,0,데이터,160,4,1,none,,DITTO_FILLED
부산광역시 > 남자 > 75 - 79세,2024,적용인구 (명),57791,,data,0,데이터,160,5,1,none,,DITTO_FILLED
부산광역시 > 남자 > 80 - 84세,2023,적용인구 (명),35790,,data,0,데이터,161,4,1,none,,DITTO_FILLED
부산광역시 > 남자 > 80 - 84세,2024,적용인구 (명),37124,,data,0,데이터,161,5,1,none,,DITTO_FILLED
부산광역시 > 남자 > 85세 이상,2023,적용인구 (명),17138,,data,0,데이터,162,4,1,none,,DITTO_FILLED
부산광역시 > 남자 > 85세 이상,2024,적용인구 (명),19199,,data,0,데이터,162,5,1,none,,DITTO_FILLED
부산광역시 > 여자 > 합계,2023,적용인구 (명),1637506,,subtotal,0,데이터,163,4,1,none,,DITTO_FILLED
부산광역시 > 여자 > 합계,2024,적용인구 (명),1628286,,subtotal,0,데이터,163,5,1,none,,DITTO_FILLED
부산광역시 > 여자 > 1 - 4세,2023,적용인구 (명),30448,,data,0,데이터,164,4,1,none,,DITTO_FILLED
부산광역시 > 여자 > 1 - 4세,2024,적용인구 (명),28247,,data,0,데이터,164,5,1,none,,DITTO_FILLED
부산광역시 > 여자 > 0세,2023,적용인구 (명),6125,,data,0,데이터,165,4,1,none,,DITTO_FILLED
부산광역시 > 여자 > 0세,2024,적용인구 (명),6303,,data,0,데이터,165,5,1,none,,DITTO_FILLED
부산광역시 > 여자 > 5 - 9세,2023,적용인구 (명),57169,,data,0,데이터,166,4,1,none,,DITTO_FILLED
부산광역시 > 여자 > 5 - 9세,2024,적용인구 (명),53338,,data,0,데이터,166,5,1,none,,DITTO_FILLED
부산광역시 > 여자 > 10 - 14세,2023,적용인구 (명),63550,,data,0,데이터,167,4,1,none,,DITTO_FILLED
부산광역시 > 여자 > 10 - 14세,2024,적용인구 (명),64356,,data,0,데이터,167,5,1,none,,DITTO_FILLED
부산광역시 > 여자 > 15 - 19세,2023,적용인구 (명),61277,,data,0,데이터,168,4,1,none,,DITTO_FILLED
부산광역시 > 여자 > 15 - 19세,2024,적용인구 (명),60842,,data,0,데이터,168,5,1,none,,DITTO_FILLED
부산광역시 > 여자 > 20 - 24세,2023,적용인구 (명),85848,,data,0,데이터,169,4,1,none,,DITTO_FILLED
부산광역시 > 여자 > 20 - 24세,2024,적용인구 (명),82693,,data,0,데이터,169,5,1,none,,DITTO_FILLED
부산광역시 > 여자 > 25 - 29세,2023,적용인구 (명),101189,,data,0,데이터,170,4,1,none,,DITTO_FILLED
부산광역시 > 여자 > 25 - 29세,2024,적용인구 (명),97372,,data,0,데이터,170,5,1,none,,DITTO_FILLED
부산광역시 > 여자 > 30 - 34세,2023,적용인구 (명),99428,,data,0,데이터,171,4,1,none,,DITTO_FILLED
부산광역시 > 여자 > 30 - 34세,2024,적용인구 (명),99784,,data,0,데이터,171,5,1,none,,DITTO_FILLED
부산광역시 > 여자 > 35 - 39세,2023,적용인구 (명),92798,,data,0,데이터,172,4,1,none,,DITTO_FILLED
부산광역시 > 여자 > 35 - 39세,2024,적용인구 (명),91413,,data,0,데이터,172,5,1,none,,DITTO_FILLED
부산광역시 > 여자 > 40 - 44세,2023,적용인구 (명),123506,,data,0,데이터,173,4,1,none,,DITTO_FILLED
부산광역시 > 여자 > 40 - 44세,2024,적용인구 (명),116997,,data,0,데이터,173,5,1,none,,DITTO_FILLED
부산광역시 > 여자 > 45 - 49세,2023,적용인구 (명),113587,,data,0,데이터,174,4,1,none,,DITTO_FILLED
부산광역시 > 여자 > 45 - 49세,2024,적용인구 (명),113604,,data,0,데이터,174,5,1,none,,DITTO_FILLED
부산광역시 > 여자 > 50 - 54세,2023,적용인구 (명),135427,,data,0,데이터,175,4,1,none,,DITTO_FILLED
부산광역시 > 여자 > 50 - 54세,2024,적용인구 (명),131751,,data,0,데이터,175,5,1,none,,DITTO_FILLED
부산광역시 > 여자 > 55 - 59세,2023,적용인구 (명),133897,,data,0,데이터,176,4,1,none,,DITTO_FILLED
부산광역시 > 여자 > 55 - 59세,2024,적용인구 (명),134993,,data,0,데이터,176,5,1,none,,DITTO_FILLED
부산광역시 > 여자 > 60 - 64세,2023,적용인구 (명),150883,,data,0,데이터,177,4,1,none,,DITTO_FILLED
부산광역시 > 여자 > 60 - 64세,2024,적용인구 (명),145412,,data,0,데이터,177,5,1,none,,DITTO_FILLED
부산광역시 > 여자 > 65 - 69세,2023,적용인구 (명),132751,,data,0,데이터,178,4,1,none,,DITTO_FILLED
부산광역시 > 여자 > 65 - 69세,2024,적용인구 (명),139688,,data,0,데이터,178,5,1,none,,DITTO_FILLED
부산광역시 > 여자 > 70 - 74세,2023,적용인구 (명),94282,,data,0,데이터,179,4,1,none,,DITTO_FILLED
부산광역시 > 여자 > 70 - 74세,2024,적용인구 (명),97762,,data,0,데이터,179,5,1,none,,DITTO_FILLED
부산광역시 > 여자 > 75 - 79세,2023,적용인구 (명),67340,,data,0,데이터,180,4,1,none,,DITTO_FILLED
부산광역시 > 여자 > 75 - 79세,2024,적용인구 (명),71669,,data,0,데이터,180,5,1,none,,DITTO_FILLED
부산광역시 > 여자 > 80 - 84세,2023,적용인구 (명),51118,,data,0,데이터,181,4,1,none,,DITTO_FILLED
부산광역시 > 여자 > 80 - 84세,2024,적용인구 (명),52047,,data,0,데이터,181,5,1,none,,DITTO_FILLED
부산광역시 > 여자 > 85세 이상,2023,적용인구 (명),36883,,data,0,데이터,182,4,1,none,,DITTO_FILLED
부산광역시 > 여자 > 85세 이상,2024,적용인구 (명),40015,,data,0,데이터,182,5,1,none,,DITTO_FILLED
대구광역시 > 계 > 합계,2023,적용인구 (명),2315950,,subtotal,0,데이터,183,4,1,none,,
대구광역시 > 계 > 합계,2024,적용인구 (명),2305021,,subtotal,0,데이터,183,5,1,none,,
대구광역시 > 계 > 1 - 4세,2023,적용인구 (명),48218,,subtotal,0,데이터,184,4,1,none,,DITTO_FILLED
대구광역시 > 계 > 1 - 4세,2024,적용인구 (명),44725,,subtotal,0,데이터,184,5,1,none,,DITTO_FILLED
대구광역시 > 계 > 0세,2023,적용인구 (명),9295,,subtotal,0,데이터,185,4,1,none,,DITTO_FILLED
대구광역시 > 계 > 0세,2024,적용인구 (명),10106,,subtotal,0,데이터,185,5,1,none,,DITTO_FILLED
대구광역시 > 계 > 5 - 9세,2023,적용인구 (명),91593,,subtotal,0,데이터,186,4,1,none,,DITTO_FILLED
대구광역시 > 계 > 5 - 9세,2024,적용인구 (명),86279,,subtotal,0,데이터,186,5,1,none,,DITTO_FILLED
대구광역시 > 계 > 10 - 14세,2023,적용인구 (명),103610,,subtotal,0,데이터,187,4,1,none,,DITTO_FILLED
대구광역시 > 계 > 10 - 14세,2024,적용인구 (명),104437,,subtotal,0,데이터,187,5,1,none,,DITTO_FILLED
대구광역시 > 계 > 15 - 19세,2023,적용인구 (명),104619,,subtotal,0,데이터,188,4,1,none,,DITTO_FILLED
대구광역시 > 계 > 15 - 19세,2024,적용인구 (명),102680,,subtotal,0,데이터,188,5,1,none,,DITTO_FILLED
대구광역시 > 계 > 20 - 24세,2023,적용인구 (명),134578,,subtotal,0,데이터,189,4,1,none,,DITTO_FILLED
대구광역시 > 계 > 20 - 24세,2024,적용인구 (명),126851,,subtotal,0,데이터,189,5,1,none,,DITTO_FILLED
대구광역시 > 계 > 25 - 29세,2023,적용인구 (명),151603,,subtotal,0,데이터,190,4,1,none,,DITTO_FILLED
대구광역시 > 계 > 25 - 29세,2024,적용인구 (명),146341,,subtotal,0,데이터,190,5,1,none,,DITTO_FILLED
대구광역시 > 계 > 30 - 34세,2023,적용인구 (명),149428,,subtotal,0,데이터,191,4,1,none,,DITTO_FILLED
대구광역시 > 계 > 30 - 34세,2024,적용인구 (명),151598,,subtotal,0,데이터,191,5,1,none,,DITTO_FILLED
대구광역시 > 계 > 35 - 39세,2023,적용인구 (명),136272,,subtotal,0,데이터,192,4,1,none,,DITTO_FILLED
대구광역시 > 계 > 35 - 39세,2024,적용인구 (명),137091,,subtotal,0,데이터,192,5,1,none,,DITTO_FILLED
대구광역시 > 계 > 40 - 44세,2023,적용인구 (명),178036,,subtotal,0,데이터,193,4,1,none,,DITTO_FILLED
대구광역시 > 계 > 40 - 44세,2024,적용인구 (명),169289,,subtotal,0,데이터,193,5,1,none,,DITTO_FILLED
대구광역시 > 계 > 45 - 49세,2023,적용인구 (명),175589,,subtotal,0,데이터,194,4,1,none,,DITTO_FILLED
대구광역시 > 계 > 45 - 49세,2024,적용인구 (명),173339,,subtotal,0,데이터,194,5,1,none,,DITTO_FILLED
대구광역시 > 계 > 50 - 54세,2023,적용인구 (명),209307,,subtotal,0,데이터,195,4,1,none,,DITTO_FILLED
대구광역시 > 계 > 50 - 54세,2024,적용인구 (명),204362,,subtotal,0,데이터,195,5,1,none,,DITTO_FILLED
대구광역시 > 계 > 55 - 59세,2023,적용인구 (명),199105,,subtotal,0,데이터,196,4,1,none,,DITTO_FILLED
대구광역시 > 계 > 55 - 59세,2024,적용인구 (명),201529,,subtotal,0,데이터,196,5,1,none,,DITTO_FILLED
대구광역시 > 계 > 60 - 64세,2023,적용인구 (명),195489,,subtotal,0,데이터,197,4,1,none,,DITTO_FILLED
대구광역시 > 계 > 60 - 64세,2024,적용인구 (명),192990,,subtotal,0,데이터,197,5,1,none,,DITTO_FILLED
대구광역시 > 계 > 65 - 69세,2023,적용인구 (명),151332,,subtotal,0,데이터,198,4,1,none,,DITTO_FILLED
대구광역시 > 계 > 65 - 69세,2024,적용인구 (명),162505,,subtotal,0,데이터,198,5,1,none,,DITTO_FILLED
대구광역시 > 계 > 70 - 74세,2023,적용인구 (명),106799,,subtotal,0,데이터,199,4,1,none,,DITTO_FILLED
대구광역시 > 계 > 70 - 74세,2024,적용인구 (명),110581,,subtotal,0,데이터,199,5,1,none,,DITTO_FILLED
대구광역시 > 계 > 75 - 79세,2023,적용인구 (명),73624,,subtotal,0,데이터,200,4,1,none,,DITTO_FILLED
대구광역시 > 계 > 75 - 79세,2024,적용인구 (명),78268,,subtotal,0,데이터,200,5,1,none,,DITTO_FILLED
대구광역시 > 계 > 80 - 84세,2023,적용인구 (명),58156,,subtotal,0,데이터,201,4,1,none,,DITTO_FILLED
대구광역시 > 계 > 80 - 84세,2024,적용인구 (명),58802,,subtotal,0,데이터,201,5,1,none,,DITTO_FILLED
대구광역시 > 계 > 85세 이상,2023,적용인구 (명),39297,,subtotal,0,데이터,202,4,1,none,,DITTO_FILLED
대구광역시 > 계 > 85세 이상,2024,적용인구 (명),43248,,subtotal,0,데이터,202,5,1,none,,DITTO_FILLED
대구광역시 > 남자 > 합계,2023,적용인구 (명),1142689,,subtotal,0,데이터,203,4,1,none,,DITTO_FILLED
대구광역시 > 남자 > 합계,2024,적용인구 (명),1135328,,subtotal,0,데이터,203,5,1,none,,DITTO_FILLED
대구광역시 > 남자 > 1 - 4세,2023,적용인구 (명),24858,,data,0,데이터,204,4,1,none,,DITTO_FILLED
대구광역시 > 남자 > 1 - 4세,2024,적용인구 (명),22958,,data,0,데이터,204,5,1,none,,DITTO_FILLED
대구광역시 > 남자 > 0세,2023,적용인구 (명),4774,,data,0,데이터,205,4,1,none,,DITTO_FILLED
대구광역시 > 남자 > 0세,2024,적용인구 (명),5176,,data,0,데이터,205,5,1,none,,DITTO_FILLED
대구광역시 > 남자 > 5 - 9세,2023,적용인구 (명),46844,,data,0,데이터,206,4,1,none,,DITTO_FILLED
대구광역시 > 남자 > 5 - 9세,2024,적용인구 (명),44311,,data,0,데이터,206,5,1,none,,DITTO_FILLED
대구광역시 > 남자 > 10 - 14세,2023,적용인구 (명),53169,,data,0,데이터,207,4,1,none,,DITTO_FILLED
대구광역시 > 남자 > 10 - 14세,2024,적용인구 (명),53434,,data,0,데이터,207,5,1,none,,DITTO_FILLED
대구광역시 > 남자 > 15 - 19세,2023,적용인구 (명),54306,,data,0,데이터,208,4,1,none,,DITTO_FILLED
대구광역시 > 남자 > 15 - 19세,2024,적용인구 (명),53065,,data,0,데이터,208,5,1,none,,DITTO_FILLED
대구광역시 > 남자 > 20 - 24세,2023,적용인구 (명),70872,,data,0,데이터,209,4,1,none,,DITTO_FILLED
대구광역시 > 남자 > 20 - 24세,2024,적용인구 (명),66574,,data,0,데이터,209,5,1,none,,DITTO_FILLED
대구광역시 > 남자 > 25 - 29세,2023,적용인구 (명),80203,,data,0,데이터,210,4,1,none,,DITTO_FILLED
대구광역시 > 남자 > 25 - 29세,2024,적용인구 (명),77230,,data,0,데이터,210,5,1,none,,DITTO_FILLED
대구광역시 > 남자 > 30 - 34세,2023,적용인구 (명),80702,,data,0,데이터,211,4,1,none,,DITTO_FILLED
대구광역시 > 남자 > 30 - 34세,2024,적용인구 (명),81787,,data,0,데이터,211,5,1,none,,DITTO_FILLED
대구광역시 > 남자 > 35 - 39세,2023,적용인구 (명),72196,,data,0,데이터,212,4,1,none,,DITTO_FILLED
대구광역시 > 남자 > 35 - 39세,2024,적용인구 (명),73199,,data,0,데이터,212,5,1,none,,DITTO_FILLED
대구광역시 > 남자 > 40 - 44세,2023,적용인구 (명),88708,,data,0,데이터,213,4,1,none,,DITTO_FILLED
대구광역시 > 남자 > 40 - 44세,2024,적용인구 (명),84958,,data,0,데이터,213,5,1,none,,DITTO_FILLED
대구광역시 > 남자 > 45 - 49세,2023,적용인구 (명),87391,,data,0,데이터,214,4,1,none,,DITTO_FILLED
대구광역시 > 남자 > 45 - 49세,2024,적용인구 (명),85876,,data,0,데이터,214,5,1,none,,DITTO_FILLED
대구광역시 > 남자 > 50 - 54세,2023,적용인구 (명),102294,,data,0,데이터,215,4,1,none,,DITTO_FILLED
대구광역시 > 남자 > 50 - 54세,2024,적용인구 (명),100213,,data,0,데이터,215,5,1,none,,DITTO_FILLED
대구광역시 > 남자 > 55 - 59세,2023,적용인구 (명),96418,,data,0,데이터,216,4,1,none,,DITTO_FILLED
대구광역시 > 남자 > 55 - 59세,2024,적용인구 (명),97185,,data,0,데이터,216,5,1,none,,DITTO_FILLED
대구광역시 > 남자 > 60 - 64세,2023,적용인구 (명),93210,,data,0,데이터,217,4,1,none,,DITTO_FILLED
대구광역시 > 남자 > 60 - 64세,2024,적용인구 (명),92011,,data,0,데이터,217,5,1,none,,DITTO_FILLED
대구광역시 > 남자 > 65 - 69세,2023,적용인구 (명),71383,,data,0,데이터,218,4,1,none,,DITTO_FILLED
대구광역시 > 남자 > 65 - 69세,2024,적용인구 (명),75995,,data,0,데이터,218,5,1,none,,DITTO_FILLED
대구광역시 > 남자 > 70 - 74세,2023,적용인구 (명),48286,,data,0,데이터,219,4,1,none,,DITTO_FILLED
대구광역시 > 남자 > 70 - 74세,2024,적용인구 (명),50225,,data,0,데이터,219,5,1,none,,DITTO_FILLED
대구광역시 > 남자 > 75 - 79세,2023,적용인구 (명),31802,,data,0,데이터,220,4,1,none,,DITTO_FILLED
대구광역시 > 남자 > 75 - 79세,2024,적용인구 (명),34073,,data,0,데이터,220,5,1,none,,DITTO_FILLED
대구광역시 > 남자 > 80 - 84세,2023,적용인구 (명),22829,,data,0,데이터,221,4,1,none,,DITTO_FILLED
대구광역시 > 남자 > 80 - 84세,2024,적용인구 (명),23180,,data,0,데이터,221,5,1,none,,DITTO_FILLED
대구광역시 > 남자 > 85세 이상,2023,적용인구 (명),12444,,data,0,데이터,222,4,1,none,,DITTO_FILLED
대구광역시 > 남자 > 85세 이상,2024,적용인구 (명),13878,,data,0,데이터,222,5,1,none,,DITTO_FILLED
대구광역시 > 여자 > 합계,2023,적용인구 (명),1173261,,subtotal,0,데이터,223,4,1,none,,DITTO_FILLED
대구광역시 > 여자 > 합계,2024,적용인구 (명),1169693,,subtotal,0,데이터,223,5,1,none,,DITTO_FILLED
대구광역시 > 여자 > 1 - 4세,2023,적용인구 (명),23360,,data,0,데이터,224,4,1,none,,DITTO_FILLED
대구광역시 > 여자 > 1 - 4세,2024,적용인구 (명),21767,,data,0,데이터,224,5,1,none,,DITTO_FILLED
대구광역시 > 여자 > 0세,2023,적용인구 (명),4521,,data,0,데이터,225,4,1,none,,DITTO_FILLED
대구광역시 > 여자 > 0세,2024,적용인구 (명),4930,,data,0,데이터,225,5,1,none,,DITTO_FILLED
대구광역시 > 여자 > 5 - 9세,2023,적용인구 (명),44749,,data,0,데이터,226,4,1,none,,DITTO_FILLED
대구광역시 > 여자 > 5 - 9세,2024,적용인구 (명),41968,,data,0,데이터,226,5,1,none,,DITTO_FILLED
대구광역시 > 여자 > 10 - 14세,2023,적용인구 (명),50441,,data,0,데이터,227,4,1,none,,DITTO_FILLED
대구광역시 > 여자 > 10 - 14세,2024,적용인구 (명),51003,,data,0,데이터,227,5,1,none,,DITTO_FILLED
대구광역시 > 여자 > 15 - 19세,2023,적용인구 (명),50313,,data,0,데이터,228,4,1,none,,DITTO_FILLED
대구광역시 > 여자 > 15 - 19세,2024,적용인구 (명),49615,,data,0,데이터,228,5,1,none,,DITTO_FILLED
대구광역시 > 여자 > 20 - 24세,2023,적용인구 (명),63706,,data,0,데이터,229,4,1,none,,DITTO_FILLED
대구광역시 > 여자 > 20 - 24세,2024,적용인구 (명),60277,,data,0,데이터,229,5,1,none,,DITTO_FILLED
대구광역시 > 여자 > 25 - 29세,2023,적용인구 (명),71400,,data,0,데이터,230,4,1,none,,DITTO_FILLED
대구광역시 > 여자 > 25 - 29세,2024,적용인구 (명),69111,,data,0,데이터,230,5,1,none,,DITTO_FILLED
대구광역시 > 여자 > 30 - 34세,2023,적용인구 (명),68726,,data,0,데이터,231,4,1,none,,DITTO_FILLED
대구광역시 > 여자 > 30 - 34세,2024,적용인구 (명),69811,,data,0,데이터,231,5,1,none,,DITTO_FILLED
대구광역시 > 여자 > 35 - 39세,2023,적용인구 (명),64076,,data,0,데이터,232,4,1,none,,DITTO_FILLED
대구광역시 > 여자 > 35 - 39세,2024,적용인구 (명),63892,,data,0,데이터,232,5,1,none,,DITTO_FILLED
대구광역시 > 여자 > 40 - 44세,2023,적용인구 (명),89328,,data,0,데이터,233,4,1,none,,DITTO_FILLED
대구광역시 > 여자 > 40 - 44세,2024,적용인구 (명),84331,,data,0,데이터,233,5,1,none,,DITTO_FILLED
대구광역시 > 여자 > 45 - 49세,2023,적용인구 (명),88198,,data,0,데이터,234,4,1,none,,DITTO_FILLED
대구광역시 > 여자 > 45 - 49세,2024,적용인구 (명),87463,,data,0,데이터,234,5,1,none,,DITTO_FILLED
대구광역시 > 여자 > 50 - 54세,2023,적용인구 (명),107013,,data,0,데이터,235,4,1,none,,DITTO_FILLED
대구광역시 > 여자 > 50 - 54세,2024,적용인구 (명),104149,,data,0,데이터,235,5,1,none,,DITTO_FILLED
대구광역시 > 여자 > 55 - 59세,2023,적용인구 (명),102687,,data,0,데이터,236,4,1,none,,DITTO_FILLED
대구광역시 > 여자 > 55 - 59세,2024,적용인구 (명),104344,,data,0,데이터,236,5,1,none,,DITTO_FILLED
대구광역시 > 여자 > 60 - 64세,2023,적용인구 (명),102279,,data,0,데이터,237,4,1,none,,DITTO_FILLED
대구광역시 > 여자 > 60 - 64세,2024,적용인구 (명),100979,,data,0,데이터,237,5,1,none,,DITTO_FILLED
대구광역시 > 여자 > 65 - 69세,2023,적용인구 (명),79949,,data,0,데이터,238,4,1,none,,DITTO_FILLED
대구광역시 > 여자 > 65 - 69세,2024,적용인구 (명),86510,,data,0,데이터,238,5,1,none,,DITTO_FILLED
대구광역시 > 여자 > 70 - 74세,2023,적용인구 (명),58513,,data,0,데이터,239,4,1,none,,DITTO_FILLED
대구광역시 > 여자 > 70 - 74세,2024,적용인구 (명),60356,,data,0,데이터,239,5,1,none,,DITTO_FILLED
대구광역시 > 여자 > 75 - 79세,2023,적용인구 (명),41822,,data,0,데이터,240,4,1,none,,DITTO_FILLED
대구광역시 > 여자 > 75 - 79세,2024,적용인구 (명),44195,,data,0,데이터,240,5,1,none,,DITTO_FILLED
대구광역시 > 여자 > 80 - 84세,2023,적용인구 (명),35327,,data,0,데이터,241,4,1,none,,DITTO_FILLED
대구광역시 > 여자 > 80 - 84세,2024,적용인구 (명),35622,,data,0,데이터,241,5,1,none,,DITTO_FILLED
대구광역시 > 여자 > 85세 이상,2023,적용인구 (명),26853,,data,0,데이터,242,4,1,none,,DITTO_FILLED
대구광역시 > 여자 > 85세 이상,2024,적용인구 (명),29370,,data,0,데이터,242,5,1,none,,DITTO_FILLED
인천광역시 > 계 > 합계,2023,적용인구 (명),2999015,,subtotal,0,데이터,243,4,1,none,,
인천광역시 > 계 > 합계,2024,적용인구 (명),3026268,,subtotal,0,데이터,243,5,1,none,,
인천광역시 > 계 > 1 - 4세,2023,적용인구 (명),70388,,subtotal,0,데이터,244,4,1,none,,DITTO_FILLED
인천광역시 > 계 > 1 - 4세,2024,적용인구 (명),67445,,subtotal,0,데이터,244,5,1,none,,DITTO_FILLED
인천광역시 > 계 > 0세,2023,적용인구 (명),14175,,subtotal,0,데이터,245,4,1,none,,DITTO_FILLED
인천광역시 > 계 > 0세,2024,적용인구 (명),15735,,subtotal,0,데이터,245,5,1,none,,DITTO_FILLED
인천광역시 > 계 > 5 - 9세,2023,적용인구 (명),120271,,subtotal,0,데이터,246,4,1,none,,DITTO_FILLED
인천광역시 > 계 > 5 - 9세,2024,적용인구 (명),114853,,subtotal,0,데이터,246,5,1,none,,DITTO_FILLED
인천광역시 > 계 > 10 - 14세,2023,적용인구 (명),135602,,subtotal,0,데이터,247,4,1,none,,DITTO_FILLED
인천광역시 > 계 > 10 - 14세,2024,적용인구 (명),136669,,subtotal,0,데이터,247,5,1,none,,DITTO_FILLED
인천광역시 > 계 > 15 - 19세,2023,적용인구 (명),132158,,subtotal,0,데이터,248,4,1,none,,DITTO_FILLED
인천광역시 > 계 > 15 - 19세,2024,적용인구 (명),132538,,subtotal,0,데이터,248,5,1,none,,DITTO_FILLED
인천광역시 > 계 > 20 - 24세,2023,적용인구 (명),162582,,subtotal,0,데이터,249,4,1,none,,DITTO_FILLED
인천광역시 > 계 > 20 - 24세,2024,적용인구 (명),156857,,subtotal,0,데이터,249,5,1,none,,DITTO_FILLED
인천광역시 > 계 > 25 - 29세,2023,적용인구 (명),211028,,subtotal,0,데이터,250,4,1,none,,DITTO_FILLED
인천광역시 > 계 > 25 - 29세,2024,적용인구 (명),206300,,subtotal,0,데이터,250,5,1,none,,DITTO_FILLED
인천광역시 > 계 > 30 - 34세,2023,적용인구 (명),225527,,subtotal,0,데이터,251,4,1,none,,DITTO_FILLED
인천광역시 > 계 > 30 - 34세,2024,적용인구 (명),232605,,subtotal,0,데이터,251,5,1,none,,DITTO_FILLED
인천광역시 > 계 > 35 - 39세,2023,적용인구 (명),209325,,subtotal,0,데이터,252,4,1,none,,DITTO_FILLED
인천광역시 > 계 > 35 - 39세,2024,적용인구 (명),212173,,subtotal,0,데이터,252,5,1,none,,DITTO_FILLED
인천광역시 > 계 > 40 - 44세,2023,적용인구 (명),255688,,subtotal,0,데이터,253,4,1,none,,DITTO_FILLED
인천광역시 > 계 > 40 - 44세,2024,적용인구 (명),249786,,subtotal,0,데이터,253,5,1,none,,DITTO_FILLED
인천광역시 > 계 > 45 - 49세,2023,적용인구 (명),232978,,subtotal,0,데이터,254,4,1,none,,DITTO_FILLED
인천광역시 > 계 > 45 - 49세,2024,적용인구 (명),235408,,subtotal,0,데이터,254,5,1,none,,DITTO_FILLED
인천광역시 > 계 > 50 - 54세,2023,적용인구 (명),265058,,subtotal,0,데이터,255,4,1,none,,DITTO_FILLED
인천광역시 > 계 > 50 - 54세,2024,적용인구 (명),262551,,subtotal,0,데이터,255,5,1,none,,DITTO_FILLED
인천광역시 > 계 > 55 - 59세,2023,적용인구 (명),250731,,subtotal,0,데이터,256,4,1,none,,DITTO_FILLED
인천광역시 > 계 > 55 - 59세,2024,적용인구 (명),253629,,subtotal,0,데이터,256,5,1,none,,DITTO_FILLED
인천광역시 > 계 > 60 - 64세,2023,적용인구 (명),249017,,subtotal,0,데이터,257,4,1,none,,DITTO_FILLED
인천광역시 > 계 > 60 - 64세,2024,적용인구 (명),251407,,subtotal,0,데이터,257,5,1,none,,DITTO_FILLED
인천광역시 > 계 > 65 - 69세,2023,적용인구 (명),183199,,subtotal,0,데이터,258,4,1,none,,DITTO_FILLED
인천광역시 > 계 > 65 - 69세,2024,적용인구 (명),198929,,subtotal,0,데이터,258,5,1,none,,DITTO_FILLED
인천광역시 > 계 > 70 - 74세,2023,적용인구 (명),107400,,subtotal,0,데이터,259,4,1,none,,DITTO_FILLED
인천광역시 > 계 > 70 - 74세,2024,적용인구 (명),115925,,subtotal,0,데이터,259,5,1,none,,DITTO_FILLED
인천광역시 > 계 > 75 - 79세,2023,적용인구 (명),77254,,subtotal,0,데이터,260,4,1,none,,DITTO_FILLED
인천광역시 > 계 > 75 - 79세,2024,적용인구 (명),82449,,subtotal,0,데이터,260,5,1,none,,DITTO_FILLED
인천광역시 > 계 > 80 - 84세,2023,적용인구 (명),55069,,subtotal,0,데이터,261,4,1,none,,DITTO_FILLED
인천광역시 > 계 > 80 - 84세,2024,적용인구 (명),55982,,subtotal,0,데이터,261,5,1,none,,DITTO_FILLED
인천광역시 > 계 > 85세 이상,2023,적용인구 (명),41565,,subtotal,0,데이터,262,4,1,none,,DITTO_FILLED
인천광역시 > 계 > 85세 이상,2024,적용인구 (명),45027,,subtotal,0,데이터,262,5,1,none,,DITTO_FILLED
인천광역시 > 남자 > 합계,2023,적용인구 (명),1507186,,subtotal,0,데이터,263,4,1,none,,DITTO_FILLED
인천광역시 > 남자 > 합계,2024,적용인구 (명),1519173,,subtotal,0,데이터,263,5,1,none,,DITTO_FILLED
인천광역시 > 남자 > 1 - 4세,2023,적용인구 (명),36104,,data,0,데이터,264,4,1,none,,DITTO_FILLED
인천광역시 > 남자 > 1 - 4세,2024,적용인구 (명),34421,,data,0,데이터,264,5,1,none,,DITTO_FILLED
인천광역시 > 남자 > 0세,2023,적용인구 (명),7289,,data,0,데이터,265,4,1,none,,DITTO_FILLED
인천광역시 > 남자 > 0세,2024,적용인구 (명),8143,,data,0,데이터,265,5,1,none,,DITTO_FILLED
인천광역시 > 남자 > 5 - 9세,2023,적용인구 (명),61545,,data,0,데이터,266,4,1,none,,DITTO_FILLED
인천광역시 > 남자 > 5 - 9세,2024,적용인구 (명),58837,,data,0,데이터,266,5,1,none,,DITTO_FILLED
인천광역시 > 남자 > 10 - 14세,2023,적용인구 (명),69572,,data,0,데이터,267,4,1,none,,DITTO_FILLED
인천광역시 > 남자 > 10 - 14세,2024,적용인구 (명),70078,,data,0,데이터,267,5,1,none,,DITTO_FILLED
인천광역시 > 남자 > 15 - 19세,2023,적용인구 (명),67744,,data,0,데이터,268,4,1,none,,DITTO_FILLED
인천광역시 > 남자 > 15 - 19세,2024,적용인구 (명),67829,,data,0,데이터,268,5,1,none,,DITTO_FILLED
인천광역시 > 남자 > 20 - 24세,2023,적용인구 (명),84358,,data,0,데이터,269,4,1,none,,DITTO_FILLED
인천광역시 > 남자 > 20 - 24세,2024,적용인구 (명),81153,,data,0,데이터,269,5,1,none,,DITTO_FILLED
인천광역시 > 남자 > 25 - 29세,2023,적용인구 (명),110742,,data,0,데이터,270,4,1,none,,DITTO_FILLED
인천광역시 > 남자 > 25 - 29세,2024,적용인구 (명),108034,,data,0,데이터,270,5,1,none,,DITTO_FILLED
인천광역시 > 남자 > 30 - 34세,2023,적용인구 (명),119475,,data,0,데이터,271,4,1,none,,DITTO_FILLED
인천광역시 > 남자 > 30 - 34세,2024,적용인구 (명),123534,,data,0,데이터,271,5,1,none,,DITTO_FILLED
인천광역시 > 남자 > 35 - 39세,2023,적용인구 (명),109771,,data,0,데이터,272,4,1,none,,DITTO_FILLED
인천광역시 > 남자 > 35 - 39세,2024,적용인구 (명),111308,,data,0,데이터,272,5,1,none,,DITTO_FILLED
인천광역시 > 남자 > 40 - 44세,2023,적용인구 (명),132700,,data,0,데이터,273,4,1,none,,DITTO_FILLED
인천광역시 > 남자 > 40 - 44세,2024,적용인구 (명),129654,,data,0,데이터,273,5,1,none,,DITTO_FILLED
인천광역시 > 남자 > 45 - 49세,2023,적용인구 (명),120088,,data,0,데이터,274,4,1,none,,DITTO_FILLED
인천광역시 > 남자 > 45 - 49세,2024,적용인구 (명),121297,,data,0,데이터,274,5,1,none,,DITTO_FILLED
인천광역시 > 남자 > 50 - 54세,2023,적용인구 (명),133192,,data,0,데이터,275,4,1,none,,DITTO_FILLED
인천광역시 > 남자 > 50 - 54세,2024,적용인구 (명),132774,,data,0,데이터,275,5,1,none,,DITTO_FILLED
인천광역시 > 남자 > 55 - 59세,2023,적용인구 (명),122865,,data,0,데이터,276,4,1,none,,DITTO_FILLED
인천광역시 > 남자 > 55 - 59세,2024,적용인구 (명),123801,,data,0,데이터,276,5,1,none,,DITTO_FILLED
인천광역시 > 남자 > 60 - 64세,2023,적용인구 (명),122935,,data,0,데이터,277,4,1,none,,DITTO_FILLED
인천광역시 > 남자 > 60 - 64세,2024,적용인구 (명),123534,,data,0,데이터,277,5,1,none,,DITTO_FILLED
인천광역시 > 남자 > 65 - 69세,2023,적용인구 (명),88654,,data,0,데이터,278,4,1,none,,DITTO_FILLED
인천광역시 > 남자 > 65 - 69세,2024,적용인구 (명),96298,,data,0,데이터,278,5,1,none,,DITTO_FILLED
인천광역시 > 남자 > 70 - 74세,2023,적용인구 (명),51163,,data,0,데이터,279,4,1,none,,DITTO_FILLED
인천광역시 > 남자 > 70 - 74세,2024,적용인구 (명),55063,,data,0,데이터,279,5,1,none,,DITTO_FILLED
인천광역시 > 남자 > 75 - 79세,2023,적용인구 (명),34934,,data,0,데이터,280,4,1,none,,DITTO_FILLED
인천광역시 > 남자 > 75 - 79세,2024,적용인구 (명),37435,,data,0,데이터,280,5,1,none,,DITTO_FILLED
인천광역시 > 남자 > 80 - 84세,2023,적용인구 (명),21822,,data,0,데이터,281,4,1,none,,DITTO_FILLED
인천광역시 > 남자 > 80 - 84세,2024,적용인구 (명),22507,,data,0,데이터,281,5,1,none,,DITTO_FILLED
인천광역시 > 남자 > 85세 이상,2023,적용인구 (명),12233,,data,0,데이터,282,4,1,none,,DITTO_FILLED
인천광역시 > 남자 > 85세 이상,2024,적용인구 (명),13473,,data,0,데이터,282,5,1,none,,DITTO_FILLED
인천광역시 > 여자 > 합계,2023,적용인구 (명),1491829,,subtotal,0,데이터,283,4,1,none,,DITTO_FILLED
인천광역시 > 여자 > 합계,2024,적용인구 (명),1507095,,subtotal,0,데이터,283,5,1,none,,DITTO_FILLED
인천광역시 > 여자 > 1 - 4세,2023,적용인구 (명),34284,,data,0,데이터,284,4,1,none,,DITTO_FILLED
인천광역시 > 여자 > 1 - 4세,2024,적용인구 (명),33024,,data,0,데이터,284,5,1,none,,DITTO_FILLED
인천광역시 > 여자 > 0세,2023,적용인구 (명),6886,,data,0,데이터,285,4,1,none,,DITTO_FILLED
인천광역시 > 여자 > 0세,2024,적용인구 (명),7592,,data,0,데이터,285,5,1,none,,DITTO_FILLED
인천광역시 > 여자 > 5 - 9세,2023,적용인구 (명),58726,,data,0,데이터,286,4,1,none,,DITTO_FILLED
인천광역시 > 여자 > 5 - 9세,2024,적용인구 (명),56016,,data,0,데이터,286,5,1,none,,DITTO_FILLED
인천광역시 > 여자 > 10 - 14세,2023,적용인구 (명),66030,,data,0,데이터,287,4,1,none,,DITTO_FILLED
인천광역시 > 여자 > 10 - 14세,2024,적용인구 (명),66591,,data,0,데이터,287,5,1,none,,DITTO_FILLED
인천광역시 > 여자 > 15 - 19세,2023,적용인구 (명),64414,,data,0,데이터,288,4,1,none,,DITTO_FILLED
인천광역시 > 여자 > 15 - 19세,2024,적용인구 (명),64709,,data,0,데이터,288,5,1,none,,DITTO_FILLED
인천광역시 > 여자 > 20 - 24세,2023,적용인구 (명),78224,,data,0,데이터,289,4,1,none,,DITTO_FILLED
인천광역시 > 여자 > 20 - 24세,2024,적용인구 (명),75704,,data,0,데이터,289,5,1,none,,DITTO_FILLED
인천광역시 > 여자 > 25 - 29세,2023,적용인구 (명),100286,,data,0,데이터,290,4,1,none,,DITTO_FILLED
인천광역시 > 여자 > 25 - 29세,2024,적용인구 (명),98266,,data,0,데이터,290,5,1,none,,DITTO_FILLED
인천광역시 > 여자 > 30 - 34세,2023,적용인구 (명),106052,,data,0,데이터,291,4,1,none,,DITTO_FILLED
인천광역시 > 여자 > 30 - 34세,2024,적용인구 (명),109071,,data,0,데이터,291,5,1,none,,DITTO_FILLED
인천광역시 > 여자 > 35 - 39세,2023,적용인구 (명),99554,,data,0,데이터,292,4,1,none,,DITTO_FILLED
인천광역시 > 여자 > 35 - 39세,2024,적용인구 (명),100865,,data,0,데이터,292,5,1,none,,DITTO_FILLED
인천광역시 > 여자 > 40 - 44세,2023,적용인구 (명),122988,,data,0,데이터,293,4,1,none,,DITTO_FILLED
인천광역시 > 여자 > 40 - 44세,2024,적용인구 (명),120132,,data,0,데이터,293,5,1,none,,DITTO_FILLED
인천광역시 > 여자 > 45 - 49세,2023,적용인구 (명),112890,,data,0,데이터,294,4,1,none,,DITTO_FILLED
인천광역시 > 여자 > 45 - 49세,2024,적용인구 (명),114111,,data,0,데이터,294,5,1,none,,DITTO_FILLED
인천광역시 > 여자 > 50 - 54세,2023,적용인구 (명),131866,,data,0,데이터,295,4,1,none,,DITTO_FILLED
인천광역시 > 여자 > 50 - 54세,2024,적용인구 (명),129777,,data,0,데이터,295,5,1,none,,DITTO_FILLED
인천광역시 > 여자 > 55 - 59세,2023,적용인구 (명),127866,,data,0,데이터,296,4,1,none,,DITTO_FILLED
인천광역시 > 여자 > 55 - 59세,2024,적용인구 (명),129828,,data,0,데이터,296,5,1,none,,DITTO_FILLED
인천광역시 > 여자 > 60 - 64세,2023,적용인구 (명),126082,,data,0,데이터,297,4,1,none,,DITTO_FILLED
인천광역시 > 여자 > 60 - 64세,2024,적용인구 (명),127873,,data,0,데이터,297,5,1,none,,DITTO_FILLED
인천광역시 > 여자 > 65 - 69세,2023,적용인구 (명),94545,,data,0,데이터,298,4,1,none,,DITTO_FILLED
인천광역시 > 여자 > 65 - 69세,2024,적용인구 (명),102631,,data,0,데이터,298,5,1,none,,DITTO_FILLED
인천광역시 > 여자 > 70 - 74세,2023,적용인구 (명),56237,,data,0,데이터,299,4,1,none,,DITTO_FILLED
인천광역시 > 여자 > 70 - 74세,2024,적용인구 (명),60862,,data,0,데이터,299,5,1,none,,DITTO_FILLED
인천광역시 > 여자 > 75 - 79세,2023,적용인구 (명),42320,,data,0,데이터,300,4,1,none,,DITTO_FILLED
인천광역시 > 여자 > 75 - 79세,2024,적용인구 (명),45014,,data,0,데이터,300,5,1,none,,DITTO_FILLED
인천광역시 > 여자 > 80 - 84세,2023,적용인구 (명),33247,,data,0,데이터,301,4,1,none,,DITTO_FILLED
인천광역시 > 여자 > 80 - 84세,2024,적용인구 (명),33475,,data,0,데이터,301,5,1,none,,DITTO_FILLED
인천광역시 > 여자 > 85세 이상,2023,적용인구 (명),29332,,data,0,데이터,302,4,1,none,,DITTO_FILLED
인천광역시 > 여자 > 85세 이상,2024,적용인구 (명),31554,,data,0,데이터,302,5,1,none,,DITTO_FILLED
광주광역시 > 계 > 합계,2023,적용인구 (명),1389330,,subtotal,0,데이터,303,4,1,none,,
광주광역시 > 계 > 합계,2024,적용인구 (명),1379084,,subtotal,0,데이터,303,5,1,none,,
광주광역시 > 계 > 1 - 4세,2023,적용인구 (명),32648,,subtotal,0,데이터,304,4,1,none,,DITTO_FILLED
광주광역시 > 계 > 1 - 4세,2024,적용인구 (명),29957,,subtotal,0,데이터,304,5,1,none,,DITTO_FILLED
광주광역시 > 계 > 0세,2023,적용인구 (명),6052,,subtotal,0,데이터,305,4,1,none,,DITTO_FILLED
광주광역시 > 계 > 0세,2024,적용인구 (명),6032,,subtotal,0,데이터,305,5,1,none,,DITTO_FILLED
광주광역시 > 계 > 5 - 9세,2023,적용인구 (명),59832,,subtotal,0,데이터,306,4,1,none,,DITTO_FILLED
광주광역시 > 계 > 5 - 9세,2024,적용인구 (명),55801,,subtotal,0,데이터,306,5,1,none,,DITTO_FILLED
광주광역시 > 계 > 10 - 14세,2023,적용인구 (명),70754,,subtotal,0,데이터,307,4,1,none,,DITTO_FILLED
광주광역시 > 계 > 10 - 14세,2024,적용인구 (명),70080,,subtotal,0,데이터,307,5,1,none,,DITTO_FILLED
광주광역시 > 계 > 15 - 19세,2023,적용인구 (명),72176,,subtotal,0,데이터,308,4,1,none,,DITTO_FILLED
광주광역시 > 계 > 15 - 19세,2024,적용인구 (명),71149,,subtotal,0,데이터,308,5,1,none,,DITTO_FILLED
광주광역시 > 계 > 20 - 24세,2023,적용인구 (명),92374,,subtotal,0,데이터,309,4,1,none,,DITTO_FILLED
광주광역시 > 계 > 20 - 24세,2024,적용인구 (명),87010,,subtotal,0,데이터,309,5,1,none,,DITTO_FILLED
광주광역시 > 계 > 25 - 29세,2023,적용인구 (명),102699,,subtotal,0,데이터,310,4,1,none,,DITTO_FILLED
광주광역시 > 계 > 25 - 29세,2024,적용인구 (명),99588,,subtotal,0,데이터,310,5,1,none,,DITTO_FILLED
광주광역시 > 계 > 30 - 34세,2023,적용인구 (명),91849,,subtotal,0,데이터,311,4,1,none,,DITTO_FILLED
광주광역시 > 계 > 30 - 34세,2024,적용인구 (명),94613,,subtotal,0,데이터,311,5,1,none,,DITTO_FILLED
광주광역시 > 계 > 35 - 39세,2023,적용인구 (명),85235,,subtotal,0,데이터,312,4,1,none,,DITTO_FILLED
광주광역시 > 계 > 35 - 39세,2024,적용인구 (명),82376,,subtotal,0,데이터,312,5,1,none,,DITTO_FILLED
광주광역시 > 계 > 40 - 44세,2023,적용인구 (명),113817,,subtotal,0,데이터,313,4,1,none,,DITTO_FILLED
광주광역시 > 계 > 40 - 44세,2024,적용인구 (명),108137,,subtotal,0,데이터,313,5,1,none,,DITTO_FILLED
광주광역시 > 계 > 45 - 49세,2023,적용인구 (명),111537,,subtotal,0,데이터,314,4,1,none,,DITTO_FILLED
광주광역시 > 계 > 45 - 49세,2024,적용인구 (명),109761,,subtotal,0,데이터,314,5,1,none,,DITTO_FILLED
광주광역시 > 계 > 50 - 54세,2023,적용인구 (명),124136,,subtotal,0,데이터,315,4,1,none,,DITTO_FILLED
광주광역시 > 계 > 50 - 54세,2024,적용인구 (명),124328,,subtotal,0,데이터,315,5,1,none,,DITTO_FILLED
광주광역시 > 계 > 55 - 59세,2023,적용인구 (명),109942,,subtotal,0,데이터,316,4,1,none,,DITTO_FILLED
광주광역시 > 계 > 55 - 59세,2024,적용인구 (명),112373,,subtotal,0,데이터,316,5,1,none,,DITTO_FILLED
광주광역시 > 계 > 60 - 64세,2023,적용인구 (명),99848,,subtotal,0,데이터,317,4,1,none,,DITTO_FILLED
광주광역시 > 계 > 60 - 64세,2024,적용인구 (명),99455,,subtotal,0,데이터,317,5,1,none,,DITTO_FILLED
광주광역시 > 계 > 65 - 69세,2023,적용인구 (명),74474,,subtotal,0,데이터,318,4,1,none,,DITTO_FILLED
광주광역시 > 계 > 65 - 69세,2024,적용인구 (명),80401,,subtotal,0,데이터,318,5,1,none,,DITTO_FILLED
광주광역시 > 계 > 70 - 74세,2023,적용인구 (명),51881,,subtotal,0,데이터,319,4,1,none,,DITTO_FILLED
광주광역시 > 계 > 70 - 74세,2024,적용인구 (명),53096,,subtotal,0,데이터,319,5,1,none,,DITTO_FILLED
광주광역시 > 계 > 75 - 79세,2023,적용인구 (명),40145,,subtotal,0,데이터,320,4,1,none,,DITTO_FILLED
광주광역시 > 계 > 75 - 79세,2024,적용인구 (명),42794,,subtotal,0,데이터,320,5,1,none,,DITTO_FILLED
광주광역시 > 계 > 80 - 84세,2023,적용인구 (명),29329,,subtotal,0,데이터,321,4,1,none,,DITTO_FILLED
광주광역시 > 계 > 80 - 84세,2024,적용인구 (명),29854,,subtotal,0,데이터,321,5,1,none,,DITTO_FILLED
광주광역시 > 계 > 85세 이상,2023,적용인구 (명),20602,,subtotal,0,데이터,322,4,1,none,,DITTO_FILLED
광주광역시 > 계 > 85세 이상,2024,적용인구 (명),22279,,subtotal,0,데이터,322,5,1,none,,DITTO_FILLED
광주광역시 > 남자 > 합계,2023,적용인구 (명),688577,,subtotal,0,데이터,323,4,1,none,,DITTO_FILLED
광주광역시 > 남자 > 합계,2024,적용인구 (명),683030,,subtotal,0,데이터,323,5,1,none,,DITTO_FILLED
광주광역시 > 남자 > 1 - 4세,2023,적용인구 (명),16629,,data,0,데이터,324,4,1,none,,DITTO_FILLED
광주광역시 > 남자 > 1 - 4세,2024,적용인구 (명),15272,,data,0,데이터,324,5,1,none,,DITTO_FILLED
광주광역시 > 남자 > 0세,2023,적용인구 (명),3065,,data,0,데이터,325,4,1,none,,DITTO_FILLED
광주광역시 > 남자 > 0세,2024,적용인구 (명),3041,,data,0,데이터,325,5,1,none,,DITTO_FILLED
광주광역시 > 남자 > 5 - 9세,2023,적용인구 (명),30743,,data,0,데이터,326,4,1,none,,DITTO_FILLED
광주광역시 > 남자 > 5 - 9세,2024,적용인구 (명),28615,,data,0,데이터,326,5,1,none,,DITTO_FILLED
광주광역시 > 남자 > 10 - 14세,2023,적용인구 (명),36506,,data,0,데이터,327,4,1,none,,DITTO_FILLED
광주광역시 > 남자 > 10 - 14세,2024,적용인구 (명),36060,,data,0,데이터,327,5,1,none,,DITTO_FILLED
광주광역시 > 남자 > 15 - 19세,2023,적용인구 (명),37281,,data,0,데이터,328,4,1,none,,DITTO_FILLED
광주광역시 > 남자 > 15 - 19세,2024,적용인구 (명),36710,,data,0,데이터,328,5,1,none,,DITTO_FILLED
광주광역시 > 남자 > 20 - 24세,2023,적용인구 (명),48376,,data,0,데이터,329,4,1,none,,DITTO_FILLED
광주광역시 > 남자 > 20 - 24세,2024,적용인구 (명),45597,,data,0,데이터,329,5,1,none,,DITTO_FILLED
광주광역시 > 남자 > 25 - 29세,2023,적용인구 (명),54026,,data,0,데이터,330,4,1,none,,DITTO_FILLED
광주광역시 > 남자 > 25 - 29세,2024,적용인구 (명),52290,,data,0,데이터,330,5,1,none,,DITTO_FILLED
광주광역시 > 남자 > 30 - 34세,2023,적용인구 (명),48304,,data,0,데이터,331,4,1,none,,DITTO_FILLED
광주광역시 > 남자 > 30 - 34세,2024,적용인구 (명),50186,,data,0,데이터,331,5,1,none,,DITTO_FILLED
광주광역시 > 남자 > 35 - 39세,2023,적용인구 (명),43546,,data,0,데이터,332,4,1,none,,DITTO_FILLED
광주광역시 > 남자 > 35 - 39세,2024,적용인구 (명),42202,,data,0,데이터,332,5,1,none,,DITTO_FILLED
광주광역시 > 남자 > 40 - 44세,2023,적용인구 (명),57134,,data,0,데이터,333,4,1,none,,DITTO_FILLED
광주광역시 > 남자 > 40 - 44세,2024,적용인구 (명),54653,,data,0,데이터,333,5,1,none,,DITTO_FILLED
광주광역시 > 남자 > 45 - 49세,2023,적용인구 (명),55658,,data,0,데이터,334,4,1,none,,DITTO_FILLED
광주광역시 > 남자 > 45 - 49세,2024,적용인구 (명),54558,,data,0,데이터,334,5,1,none,,DITTO_FILLED
광주광역시 > 남자 > 50 - 54세,2023,적용인구 (명),61634,,data,0,데이터,335,4,1,none,,DITTO_FILLED
광주광역시 > 남자 > 50 - 54세,2024,적용인구 (명),61727,,data,0,데이터,335,5,1,none,,DITTO_FILLED
광주광역시 > 남자 > 55 - 59세,2023,적용인구 (명),54014,,data,0,데이터,336,4,1,none,,DITTO_FILLED
광주광역시 > 남자 > 55 - 59세,2024,적용인구 (명),55140,,data,0,데이터,336,5,1,none,,DITTO_FILLED
광주광역시 > 남자 > 60 - 64세,2023,적용인구 (명),47740,,data,0,데이터,337,4,1,none,,DITTO_FILLED
광주광역시 > 남자 > 60 - 64세,2024,적용인구 (명),47812,,data,0,데이터,337,5,1,none,,DITTO_FILLED
광주광역시 > 남자 > 65 - 69세,2023,적용인구 (명),34811,,data,0,데이터,338,4,1,none,,DITTO_FILLED
광주광역시 > 남자 > 65 - 69세,2024,적용인구 (명),37409,,data,0,데이터,338,5,1,none,,DITTO_FILLED
광주광역시 > 남자 > 70 - 74세,2023,적용인구 (명),23241,,data,0,데이터,339,4,1,none,,DITTO_FILLED
광주광역시 > 남자 > 70 - 74세,2024,적용인구 (명),23831,,data,0,데이터,339,5,1,none,,DITTO_FILLED
광주광역시 > 남자 > 75 - 79세,2023,적용인구 (명),17548,,data,0,데이터,340,4,1,none,,DITTO_FILLED
광주광역시 > 남자 > 75 - 79세,2024,적용인구 (명),18652,,data,0,데이터,340,5,1,none,,DITTO_FILLED
광주광역시 > 남자 > 80 - 84세,2023,적용인구 (명),11868,,data,0,데이터,341,4,1,none,,DITTO_FILLED
광주광역시 > 남자 > 80 - 84세,2024,적용인구 (명),12162,,data,0,데이터,341,5,1,none,,DITTO_FILLED
광주광역시 > 남자 > 85세 이상,2023,적용인구 (명),6453,,data,0,데이터,342,4,1,none,,DITTO_FILLED
광주광역시 > 남자 > 85세 이상,2024,적용인구 (명),7113,,data,0,데이터,342,5,1,none,,DITTO_FILLED
광주광역시 > 여자 > 합계,2023,적용인구 (명),700753,,subtotal,0,데이터,343,4,1,none,,DITTO_FILLED
광주광역시 > 여자 > 합계,2024,적용인구 (명),696054,,subtotal,0,데이터,343,5,1,none,,DITTO_FILLED
광주광역시 > 여자 > 1 - 4세,2023,적용인구 (명),16019,,data,0,데이터,344,4,1,none,,DITTO_FILLED
광주광역시 > 여자 > 1 - 4세,2024,적용인구 (명),14685,,data,0,데이터,344,5,1,none,,DITTO_FILLED
광주광역시 > 여자 > 0세,2023,적용인구 (명),2987,,data,0,데이터,345,4,1,none,,DITTO_FILLED
광주광역시 > 여자 > 0세,2024,적용인구 (명),2991,,data,0,데이터,345,5,1,none,,DITTO_FILLED
광주광역시 > 여자 > 5 - 9세,2023,적용인구 (명),29089,,data,0,데이터,346,4,1,none,,DITTO_FILLED
광주광역시 > 여자 > 5 - 9세,2024,적용인구 (명),27186,,data,0,데이터,346,5,1,none,,DITTO_FILLED
광주광역시 > 여자 > 10 - 14세,2023,적용인구 (명),34248,,data,0,데이터,347,4,1,none,,DITTO_FILLED
광주광역시 > 여자 > 10 - 14세,2024,적용인구 (명),34020,,data,0,데이터,347,5,1,none,,DITTO_FILLED
광주광역시 > 여자 > 15 - 19세,2023,적용인구 (명),34895,,data,0,데이터,348,4,1,none,,DITTO_FILLED
광주광역시 > 여자 > 15 - 19세,2024,적용인구 (명),34439,,data,0,데이터,348,5,1,none,,DITTO_FILLED
광주광역시 > 여자 > 20 - 24세,2023,적용인구 (명),43998,,data,0,데이터,349,4,1,none,,DITTO_FILLED
광주광역시 > 여자 > 20 - 24세,2024,적용인구 (명),41413,,data,0,데이터,349,5,1,none,,DITTO_FILLED
광주광역시 > 여자 > 25 - 29세,2023,적용인구 (명),48673,,data,0,데이터,350,4,1,none,,DITTO_FILLED
광주광역시 > 여자 > 25 - 29세,2024,적용인구 (명),47298,,data,0,데이터,350,5,1,none,,DITTO_FILLED
광주광역시 > 여자 > 30 - 34세,2023,적용인구 (명),43545,,data,0,데이터,351,4,1,none,,DITTO_FILLED
광주광역시 > 여자 > 30 - 34세,2024,적용인구 (명),44427,,data,0,데이터,351,5,1,none,,DITTO_FILLED
광주광역시 > 여자 > 35 - 39세,2023,적용인구 (명),41689,,data,0,데이터,352,4,1,none,,DITTO_FILLED
광주광역시 > 여자 > 35 - 39세,2024,적용인구 (명),40174,,data,0,데이터,352,5,1,none,,DITTO_FILLED
광주광역시 > 여자 > 40 - 44세,2023,적용인구 (명),56683,,data,0,데이터,353,4,1,none,,DITTO_FILLED
광주광역시 > 여자 > 40 - 44세,2024,적용인구 (명),53484,,data,0,데이터,353,5,1,none,,DITTO_FILLED
광주광역시 > 여자 > 45 - 49세,2023,적용인구 (명),55879,,data,0,데이터,354,4,1,none,,DITTO_FILLED
광주광역시 > 여자 > 45 - 49세,2024,적용인구 (명),55203,,data,0,데이터,354,5,1,none,,DITTO_FILLED
광주광역시 > 여자 > 50 - 54세,2023,적용인구 (명),62502,,data,0,데이터,355,4,1,none,,DITTO_FILLED
광주광역시 > 여자 > 50 - 54세,2024,적용인구 (명),62601,,data,0,데이터,355,5,1,none,,DITTO_FILLED
광주광역시 > 여자 > 55 - 59세,2023,적용인구 (명),55928,,data,0,데이터,356,4,1,none,,DITTO_FILLED
광주광역시 > 여자 > 55 - 59세,2024,적용인구 (명),57233,,data,0,데이터,356,5,1,none,,DITTO_FILLED
광주광역시 > 여자 > 60 - 64세,2023,적용인구 (명),52108,,data,0,데이터,357,4,1,none,,DITTO_FILLED
광주광역시 > 여자 > 60 - 64세,2024,적용인구 (명),51643,,data,0,데이터,357,5,1,none,,DITTO_FILLED
광주광역시 > 여자 > 65 - 69세,2023,적용인구 (명),39663,,data,0,데이터,358,4,1,none,,DITTO_FILLED
광주광역시 > 여자 > 65 - 69세,2024,적용인구 (명),42992,,data,0,데이터,358,5,1,none,,DITTO_FILLED
광주광역시 > 여자 > 70 - 74세,2023,적용인구 (명),28640,,data,0,데이터,359,4,1,none,,DITTO_FILLED
광주광역시 > 여자 > 70 - 74세,2024,적용인구 (명),29265,,data,0,데이터,359,5,1,none,,DITTO_FILLED
광주광역시 > 여자 > 75 - 79세,2023,적용인구 (명),22597,,data,0,데이터,360,4,1,none,,DITTO_FILLED
광주광역시 > 여자 > 75 - 79세,2024,적용인구 (명),24142,,data,0,데이터,360,5,1,none,,DITTO_FILLED
광주광역시 > 여자 > 80 - 84세,2023,적용인구 (명),17461,,data,0,데이터,361,4,1,none,,DITTO_FILLED
광주광역시 > 여자 > 80 - 84세,2024,적용인구 (명),17692,,data,0,데이터,361,5,1,none,,DITTO_FILLED
광주광역시 > 여자 > 85세 이상,2023,적용인구 (명),14149,,data,0,데이터,362,4,1,none,,DITTO_FILLED
광주광역시 > 여자 > 85세 이상,2024,적용인구 (명),15166,,data,0,데이터,362,5,1,none,,DITTO_FILLED
대전광역시 > 계 > 합계,2023,적용인구 (명),1422220,,subtotal,0,데이터,363,4,1,none,,
대전광역시 > 계 > 합계,2024,적용인구 (명),1419981,,subtotal,0,데이터,363,5,1,none,,
대전광역시 > 계 > 1 - 4세,2023,적용인구 (명),32456,,subtotal,0,데이터,364,4,1,none,,DITTO_FILLED
대전광역시 > 계 > 1 - 4세,2024,적용인구 (명),30934,,subtotal,0,데이터,364,5,1,none,,DITTO_FILLED
대전광역시 > 계 > 0세,2023,적용인구 (명),7146,,subtotal,0,데이터,365,4,1,none,,DITTO_FILLED
대전광역시 > 계 > 0세,2024,적용인구 (명),7223,,subtotal,0,데이터,365,5,1,none,,DITTO_FILLED
대전광역시 > 계 > 5 - 9세,2023,적용인구 (명),56179,,subtotal,0,데이터,366,4,1,none,,DITTO_FILLED
대전광역시 > 계 > 5 - 9세,2024,적용인구 (명),52484,,subtotal,0,데이터,366,5,1,none,,DITTO_FILLED
대전광역시 > 계 > 10 - 14세,2023,적용인구 (명),65731,,subtotal,0,데이터,367,4,1,none,,DITTO_FILLED
대전광역시 > 계 > 10 - 14세,2024,적용인구 (명),65184,,subtotal,0,데이터,367,5,1,none,,DITTO_FILLED
대전광역시 > 계 > 15 - 19세,2023,적용인구 (명),69335,,subtotal,0,데이터,368,4,1,none,,DITTO_FILLED
대전광역시 > 계 > 15 - 19세,2024,적용인구 (명),68277,,subtotal,0,데이터,368,5,1,none,,DITTO_FILLED
대전광역시 > 계 > 20 - 24세,2023,적용인구 (명),94992,,subtotal,0,데이터,369,4,1,none,,DITTO_FILLED
대전광역시 > 계 > 20 - 24세,2024,적용인구 (명),92771,,subtotal,0,데이터,369,5,1,none,,DITTO_FILLED
대전광역시 > 계 > 25 - 29세,2023,적용인구 (명),110549,,subtotal,0,데이터,370,4,1,none,,DITTO_FILLED
대전광역시 > 계 > 25 - 29세,2024,적용인구 (명),108233,,subtotal,0,데이터,370,5,1,none,,DITTO_FILLED
대전광역시 > 계 > 30 - 34세,2023,적용인구 (명),101556,,subtotal,0,데이터,371,4,1,none,,DITTO_FILLED
대전광역시 > 계 > 30 - 34세,2024,적용인구 (명),104839,,subtotal,0,데이터,371,5,1,none,,DITTO_FILLED
대전광역시 > 계 > 35 - 39세,2023,적용인구 (명),89676,,subtotal,0,데이터,372,4,1,none,,DITTO_FILLED
대전광역시 > 계 > 35 - 39세,2024,적용인구 (명),89253,,subtotal,0,데이터,372,5,1,none,,DITTO_FILLED
대전광역시 > 계 > 40 - 44세,2023,적용인구 (명),110328,,subtotal,0,데이터,373,4,1,none,,DITTO_FILLED
대전광역시 > 계 > 40 - 44세,2024,적용인구 (명),105552,,subtotal,0,데이터,373,5,1,none,,DITTO_FILLED
대전광역시 > 계 > 45 - 49세,2023,적용인구 (명),109145,,subtotal,0,데이터,374,4,1,none,,DITTO_FILLED
대전광역시 > 계 > 45 - 49세,2024,적용인구 (명),107082,,subtotal,0,데이터,374,5,1,none,,DITTO_FILLED
대전광역시 > 계 > 50 - 54세,2023,적용인구 (명),126649,,subtotal,0,데이터,375,4,1,none,,DITTO_FILLED
대전광역시 > 계 > 50 - 54세,2024,적용인구 (명),123811,,subtotal,0,데이터,375,5,1,none,,DITTO_FILLED
대전광역시 > 계 > 55 - 59세,2023,적용인구 (명),111956,,subtotal,0,데이터,376,4,1,none,,DITTO_FILLED
대전광역시 > 계 > 55 - 59세,2024,적용인구 (명),115441,,subtotal,0,데이터,376,5,1,none,,DITTO_FILLED
대전광역시 > 계 > 60 - 64세,2023,적용인구 (명),108570,,subtotal,0,데이터,377,4,1,none,,DITTO_FILLED
대전광역시 > 계 > 60 - 64세,2024,적용인구 (명),107736,,subtotal,0,데이터,377,5,1,none,,DITTO_FILLED
대전광역시 > 계 > 65 - 69세,2023,적용인구 (명),85202,,subtotal,0,데이터,378,4,1,none,,DITTO_FILLED
대전광역시 > 계 > 65 - 69세,2024,적용인구 (명),89984,,subtotal,0,데이터,378,5,1,none,,DITTO_FILLED
대전광역시 > 계 > 70 - 74세,2023,적용인구 (명),53838,,subtotal,0,데이터,379,4,1,none,,DITTO_FILLED
대전광역시 > 계 > 70 - 74세,2024,적용인구 (명),57851,,subtotal,0,데이터,379,5,1,none,,DITTO_FILLED
대전광역시 > 계 > 75 - 79세,2023,적용인구 (명),38385,,subtotal,0,데이터,380,4,1,none,,DITTO_FILLED
대전광역시 > 계 > 75 - 79세,2024,적용인구 (명),40643,,subtotal,0,데이터,380,5,1,none,,DITTO_FILLED
대전광역시 > 계 > 80 - 84세,2023,적용인구 (명),28925,,subtotal,0,데이터,381,4,1,none,,DITTO_FILLED
대전광역시 > 계 > 80 - 84세,2024,적용인구 (명),29214,,subtotal,0,데이터,381,5,1,none,,DITTO_FILLED
대전광역시 > 계 > 85세 이상,2023,적용인구 (명),21602,,subtotal,0,데이터,382,4,1,none,,DITTO_FILLED
대전광역시 > 계 > 85세 이상,2024,적용인구 (명),23469,,subtotal,0,데이터,382,5,1,none,,DITTO_FILLED
대전광역시 > 남자 > 합계,2023,적용인구 (명),710532,,subtotal,0,데이터,383,4,1,none,,DITTO_FILLED
대전광역시 > 남자 > 합계,2024,적용인구 (명),708457,,subtotal,0,데이터,383,5,1,none,,DITTO_FILLED
대전광역시 > 남자 > 1 - 4세,2023,적용인구 (명),16694,,data,0,데이터,384,4,1,none,,DITTO_FILLED
대전광역시 > 남자 > 1 - 4세,2024,적용인구 (명),16041,,data,0,데이터,384,5,1,none,,DITTO_FILLED
대전광역시 > 남자 > 0세,2023,적용인구 (명),3675,,data,0,데이터,385,4,1,none,,DITTO_FILLED
대전광역시 > 남자 > 0세,2024,적용인구 (명),3720,,data,0,데이터,385,5,1,none,,DITTO_FILLED
대전광역시 > 남자 > 5 - 9세,2023,적용인구 (명),28894,,data,0,데이터,386,4,1,none,,DITTO_FILLED
대전광역시 > 남자 > 5 - 9세,2024,적용인구 (명),26905,,data,0,데이터,386,5,1,none,,DITTO_FILLED
대전광역시 > 남자 > 10 - 14세,2023,적용인구 (명),33863,,data,0,데이터,387,4,1,none,,DITTO_FILLED
대전광역시 > 남자 > 10 - 14세,2024,적용인구 (명),33561,,data,0,데이터,387,5,1,none,,DITTO_FILLED
대전광역시 > 남자 > 15 - 19세,2023,적용인구 (명),35838,,data,0,데이터,388,4,1,none,,DITTO_FILLED
대전광역시 > 남자 > 15 - 19세,2024,적용인구 (명),35024,,data,0,데이터,388,5,1,none,,DITTO_FILLED
대전광역시 > 남자 > 20 - 24세,2023,적용인구 (명),48506,,data,0,데이터,389,4,1,none,,DITTO_FILLED
대전광역시 > 남자 > 20 - 24세,2024,적용인구 (명),47260,,data,0,데이터,389,5,1,none,,DITTO_FILLED
대전광역시 > 남자 > 25 - 29세,2023,적용인구 (명),58616,,data,0,데이터,390,4,1,none,,DITTO_FILLED
대전광역시 > 남자 > 25 - 29세,2024,적용인구 (명),57078,,data,0,데이터,390,5,1,none,,DITTO_FILLED
대전광역시 > 남자 > 30 - 34세,2023,적용인구 (명),54261,,data,0,데이터,391,4,1,none,,DITTO_FILLED
대전광역시 > 남자 > 30 - 34세,2024,적용인구 (명),56084,,data,0,데이터,391,5,1,none,,DITTO_FILLED
대전광역시 > 남자 > 35 - 39세,2023,적용인구 (명),46956,,data,0,데이터,392,4,1,none,,DITTO_FILLED
대전광역시 > 남자 > 35 - 39세,2024,적용인구 (명),47087,,data,0,데이터,392,5,1,none,,DITTO_FILLED
대전광역시 > 남자 > 40 - 44세,2023,적용인구 (명),55648,,data,0,데이터,393,4,1,none,,DITTO_FILLED
대전광역시 > 남자 > 40 - 44세,2024,적용인구 (명),53347,,data,0,데이터,393,5,1,none,,DITTO_FILLED
대전광역시 > 남자 > 45 - 49세,2023,적용인구 (명),54406,,data,0,데이터,394,4,1,none,,DITTO_FILLED
대전광역시 > 남자 > 45 - 49세,2024,적용인구 (명),53390,,data,0,데이터,394,5,1,none,,DITTO_FILLED
대전광역시 > 남자 > 50 - 54세,2023,적용인구 (명),63493,,data,0,데이터,395,4,1,none,,DITTO_FILLED
대전광역시 > 남자 > 50 - 54세,2024,적용인구 (명),62059,,data,0,데이터,395,5,1,none,,DITTO_FILLED
대전광역시 > 남자 > 55 - 59세,2023,적용인구 (명),55373,,data,0,데이터,396,4,1,none,,DITTO_FILLED
대전광역시 > 남자 > 55 - 59세,2024,적용인구 (명),57003,,data,0,데이터,396,5,1,none,,DITTO_FILLED
대전광역시 > 남자 > 60 - 64세,2023,적용인구 (명),52502,,data,0,데이터,397,4,1,none,,DITTO_FILLED
대전광역시 > 남자 > 60 - 64세,2024,적용인구 (명),52234,,data,0,데이터,397,5,1,none,,DITTO_FILLED
대전광역시 > 남자 > 65 - 69세,2023,적용인구 (명),40680,,data,0,데이터,398,4,1,none,,DITTO_FILLED
대전광역시 > 남자 > 65 - 69세,2024,적용인구 (명),42756,,data,0,데이터,398,5,1,none,,DITTO_FILLED
대전광역시 > 남자 > 70 - 74세,2023,적용인구 (명),25279,,data,0,데이터,399,4,1,none,,DITTO_FILLED
대전광역시 > 남자 > 70 - 74세,2024,적용인구 (명),27039,,data,0,데이터,399,5,1,none,,DITTO_FILLED
대전광역시 > 남자 > 75 - 79세,2023,적용인구 (명),17303,,data,0,데이터,400,4,1,none,,DITTO_FILLED
대전광역시 > 남자 > 75 - 79세,2024,적용인구 (명),18366,,data,0,데이터,400,5,1,none,,DITTO_FILLED
대전광역시 > 남자 > 80 - 84세,2023,적용인구 (명),11719,,data,0,데이터,401,4,1,none,,DITTO_FILLED
대전광역시 > 남자 > 80 - 84세,2024,적용인구 (명),11943,,data,0,데이터,401,5,1,none,,DITTO_FILLED
대전광역시 > 남자 > 85세 이상,2023,적용인구 (명),6826,,data,0,데이터,402,4,1,none,,DITTO_FILLED
대전광역시 > 남자 > 85세 이상,2024,적용인구 (명),7560,,data,0,데이터,402,5,1,none,,DITTO_FILLED
대전광역시 > 여자 > 합계,2023,적용인구 (명),711688,,subtotal,0,데이터,403,4,1,none,,DITTO_FILLED
대전광역시 > 여자 > 합계,2024,적용인구 (명),711524,,subtotal,0,데이터,403,5,1,none,,DITTO_FILLED
대전광역시 > 여자 > 1 - 4세,2023,적용인구 (명),15762,,data,0,데이터,404,4,1,none,,DITTO_FILLED
대전광역시 > 여자 > 1 - 4세,2024,적용인구 (명),14893,,data,0,데이터,404,5,1,none,,DITTO_FILLED
대전광역시 > 여자 > 0세,2023,적용인구 (명),3471,,data,0,데이터,405,4,1,none,,DITTO_FILLED
대전광역시 > 여자 > 0세,2024,적용인구 (명),3503,,data,0,데이터,405,5,1,none,,DITTO_FILLED
대전광역시 > 여자 > 5 - 9세,2023,적용인구 (명),27285,,data,0,데이터,406,4,1,none,,DITTO_FILLED
대전광역시 > 여자 > 5 - 9세,2024,적용인구 (명),25579,,data,0,데이터,406,5,1,none,,DITTO_FILLED
대전광역시 > 여자 > 10 - 14세,2023,적용인구 (명),31868,,data,0,데이터,407,4,1,none,,DITTO_FILLED
대전광역시 > 여자 > 10 - 14세,2024,적용인구 (명),31623,,data,0,데이터,407,5,1,none,,DITTO_FILLED
대전광역시 > 여자 > 15 - 19세,2023,적용인구 (명),33497,,data,0,데이터,408,4,1,none,,DITTO_FILLED
대전광역시 > 여자 > 15 - 19세,2024,적용인구 (명),33253,,data,0,데이터,408,5,1,none,,DITTO_FILLED
대전광역시 > 여자 > 20 - 24세,2023,적용인구 (명),46486,,data,0,데이터,409,4,1,none,,DITTO_FILLED
대전광역시 > 여자 > 20 - 24세,2024,적용인구 (명),45511,,data,0,데이터,409,5,1,none,,DITTO_FILLED
대전광역시 > 여자 > 25 - 29세,2023,적용인구 (명),51933,,data,0,데이터,410,4,1,none,,DITTO_FILLED
대전광역시 > 여자 > 25 - 29세,2024,적용인구 (명),51155,,data,0,데이터,410,5,1,none,,DITTO_FILLED
대전광역시 > 여자 > 30 - 34세,2023,적용인구 (명),47295,,data,0,데이터,411,4,1,none,,DITTO_FILLED
대전광역시 > 여자 > 30 - 34세,2024,적용인구 (명),48755,,data,0,데이터,411,5,1,none,,DITTO_FILLED
대전광역시 > 여자 > 35 - 39세,2023,적용인구 (명),42720,,data,0,데이터,412,4,1,none,,DITTO_FILLED
대전광역시 > 여자 > 35 - 39세,2024,적용인구 (명),42166,,data,0,데이터,412,5,1,none,,DITTO_FILLED
대전광역시 > 여자 > 40 - 44세,2023,적용인구 (명),54680,,data,0,데이터,413,4,1,none,,DITTO_FILLED
대전광역시 > 여자 > 40 - 44세,2024,적용인구 (명),52205,,data,0,데이터,413,5,1,none,,DITTO_FILLED
대전광역시 > 여자 > 45 - 49세,2023,적용인구 (명),54739,,data,0,데이터,414,4,1,none,,DITTO_FILLED
대전광역시 > 여자 > 45 - 49세,2024,적용인구 (명),53692,,data,0,데이터,414,5,1,none,,DITTO_FILLED
대전광역시 > 여자 > 50 - 54세,2023,적용인구 (명),63156,,data,0,데이터,415,4,1,none,,DITTO_FILLED
대전광역시 > 여자 > 50 - 54세,2024,적용인구 (명),61752,,data,0,데이터,415,5,1,none,,DITTO_FILLED
대전광역시 > 여자 > 55 - 59세,2023,적용인구 (명),56583,,data,0,데이터,416,4,1,none,,DITTO_FILLED
대전광역시 > 여자 > 55 - 59세,2024,적용인구 (명),58438,,data,0,데이터,416,5,1,none,,DITTO_FILLED
대전광역시 > 여자 > 60 - 64세,2023,적용인구 (명),56068,,data,0,데이터,417,4,1,none,,DITTO_FILLED
대전광역시 > 여자 > 60 - 64세,2024,적용인구 (명),55502,,data,0,데이터,417,5,1,none,,DITTO_FILLED
대전광역시 > 여자 > 65 - 69세,2023,적용인구 (명),44522,,data,0,데이터,418,4,1,none,,DITTO_FILLED
대전광역시 > 여자 > 65 - 69세,2024,적용인구 (명),47228,,data,0,데이터,418,5,1,none,,DITTO_FILLED
대전광역시 > 여자 > 70 - 74세,2023,적용인구 (명),28559,,data,0,데이터,419,4,1,none,,DITTO_FILLED
대전광역시 > 여자 > 70 - 74세,2024,적용인구 (명),30812,,data,0,데이터,419,5,1,none,,DITTO_FILLED
대전광역시 > 여자 > 75 - 79세,2023,적용인구 (명),21082,,data,0,데이터,420,4,1,none,,DITTO_FILLED
대전광역시 > 여자 > 75 - 79세,2024,적용인구 (명),22277,,data,0,데이터,420,5,1,none,,DITTO_FILLED
대전광역시 > 여자 > 80 - 84세,2023,적용인구 (명),17206,,data,0,데이터,421,4,1,none,,DITTO_FILLED
대전광역시 > 여자 > 80 - 84세,2024,적용인구 (명),17271,,data,0,데이터,421,5,1,none,,DITTO_FILLED
대전광역시 > 여자 > 85세 이상,2023,적용인구 (명),14776,,data,0,데이터,422,4,1,none,,DITTO_FILLED
대전광역시 > 여자 > 85세 이상,2024,적용인구 (명),15909,,data,0,데이터,422,5,1,none,,DITTO_FILLED
울산광역시 > 계 > 합계,2023,적용인구 (명),1108013,,subtotal,0,데이터,423,4,1,none,,
울산광역시 > 계 > 합계,2024,적용인구 (명),1105847,,subtotal,0,데이터,423,5,1,none,,
울산광역시 > 계 > 1 - 4세,2023,적용인구 (명),25336,,subtotal,0,데이터,424,4,1,none,,DITTO_FILLED
울산광역시 > 계 > 1 - 4세,2024,적용인구 (명),23076,,subtotal,0,데이터,424,5,1,none,,DITTO_FILLED
울산광역시 > 계 > 0세,2023,적용인구 (명),4989,,subtotal,0,데이터,425,4,1,none,,DITTO_FILLED
울산광역시 > 계 > 0세,2024,적용인구 (명),5204,,subtotal,0,데이터,425,5,1,none,,DITTO_FILLED
울산광역시 > 계 > 5 - 9세,2023,적용인구 (명),48862,,subtotal,0,데이터,426,4,1,none,,DITTO_FILLED
울산광역시 > 계 > 5 - 9세,2024,적용인구 (명),44972,,subtotal,0,데이터,426,5,1,none,,DITTO_FILLED
울산광역시 > 계 > 10 - 14세,2023,적용인구 (명),55674,,subtotal,0,데이터,427,4,1,none,,DITTO_FILLED
울산광역시 > 계 > 10 - 14세,2024,적용인구 (명),55766,,subtotal,0,데이터,427,5,1,none,,DITTO_FILLED
울산광역시 > 계 > 15 - 19세,2023,적용인구 (명),52743,,subtotal,0,데이터,428,4,1,none,,DITTO_FILLED
울산광역시 > 계 > 15 - 19세,2024,적용인구 (명),52647,,subtotal,0,데이터,428,5,1,none,,DITTO_FILLED
울산광역시 > 계 > 20 - 24세,2023,적용인구 (명),56194,,subtotal,0,데이터,429,4,1,none,,DITTO_FILLED
울산광역시 > 계 > 20 - 24세,2024,적용인구 (명),53176,,subtotal,0,데이터,429,5,1,none,,DITTO_FILLED
울산광역시 > 계 > 25 - 29세,2023,적용인구 (명),70448,,subtotal,0,데이터,430,4,1,none,,DITTO_FILLED
울산광역시 > 계 > 25 - 29세,2024,적용인구 (명),69380,,subtotal,0,데이터,430,5,1,none,,DITTO_FILLED
울산광역시 > 계 > 30 - 34세,2023,적용인구 (명),73075,,subtotal,0,데이터,431,4,1,none,,DITTO_FILLED
울산광역시 > 계 > 30 - 34세,2024,적용인구 (명),74751,,subtotal,0,데이터,431,5,1,none,,DITTO_FILLED
울산광역시 > 계 > 35 - 39세,2023,적용인구 (명),70868,,subtotal,0,데이터,432,4,1,none,,DITTO_FILLED
울산광역시 > 계 > 35 - 39세,2024,적용인구 (명),70495,,subtotal,0,데이터,432,5,1,none,,DITTO_FILLED
울산광역시 > 계 > 40 - 44세,2023,적용인구 (명),93700,,subtotal,0,데이터,433,4,1,none,,DITTO_FILLED
울산광역시 > 계 > 40 - 44세,2024,적용인구 (명),89436,,subtotal,0,데이터,433,5,1,none,,DITTO_FILLED
울산광역시 > 계 > 45 - 49세,2023,적용인구 (명),86789,,subtotal,0,데이터,434,4,1,none,,DITTO_FILLED
울산광역시 > 계 > 45 - 49세,2024,적용인구 (명),86759,,subtotal,0,데이터,434,5,1,none,,DITTO_FILLED
울산광역시 > 계 > 50 - 54세,2023,적용인구 (명),102479,,subtotal,0,데이터,435,4,1,none,,DITTO_FILLED
울산광역시 > 계 > 50 - 54세,2024,적용인구 (명),99408,,subtotal,0,데이터,435,5,1,none,,DITTO_FILLED
울산광역시 > 계 > 55 - 59세,2023,적용인구 (명),103217,,subtotal,0,데이터,436,4,1,none,,DITTO_FILLED
울산광역시 > 계 > 55 - 59세,2024,적용인구 (명),104421,,subtotal,0,데이터,436,5,1,none,,DITTO_FILLED
울산광역시 > 계 > 60 - 64세,2023,적용인구 (명),96275,,subtotal,0,데이터,437,4,1,none,,DITTO_FILLED
울산광역시 > 계 > 60 - 64세,2024,적용인구 (명),96656,,subtotal,0,데이터,437,5,1,none,,DITTO_FILLED
울산광역시 > 계 > 65 - 69세,2023,적용인구 (명),70092,,subtotal,0,데이터,438,4,1,none,,DITTO_FILLED
울산광역시 > 계 > 65 - 69세,2024,적용인구 (명),75590,,subtotal,0,데이터,438,5,1,none,,DITTO_FILLED
울산광역시 > 계 > 70 - 74세,2023,적용인구 (명),42214,,subtotal,0,데이터,439,4,1,none,,DITTO_FILLED
울산광역시 > 계 > 70 - 74세,2024,적용인구 (명),45505,,subtotal,0,데이터,439,5,1,none,,DITTO_FILLED
울산광역시 > 계 > 75 - 79세,2023,적용인구 (명),25748,,subtotal,0,데이터,440,4,1,none,,DITTO_FILLED
울산광역시 > 계 > 75 - 79세,2024,적용인구 (명),27863,,subtotal,0,데이터,440,5,1,none,,DITTO_FILLED
울산광역시 > 계 > 80 - 84세,2023,적용인구 (명),17685,,subtotal,0,데이터,441,4,1,none,,DITTO_FILLED
울산광역시 > 계 > 80 - 84세,2024,적용인구 (명),18228,,subtotal,0,데이터,441,5,1,none,,DITTO_FILLED
울산광역시 > 계 > 85세 이상,2023,적용인구 (명),11625,,subtotal,0,데이터,442,4,1,none,,DITTO_FILLED
울산광역시 > 계 > 85세 이상,2024,적용인구 (명),12514,,subtotal,0,데이터,442,5,1,none,,DITTO_FILLED
울산광역시 > 남자 > 합계,2023,적용인구 (명),573622,,subtotal,0,데이터,443,4,1,none,,DITTO_FILLED
울산광역시 > 남자 > 합계,2024,적용인구 (명),574286,,subtotal,0,데이터,443,5,1,none,,DITTO_FILLED
울산광역시 > 남자 > 1 - 4세,2023,적용인구 (명),12895,,data,0,데이터,444,4,1,none,,DITTO_FILLED
울산광역시 > 남자 > 1 - 4세,2024,적용인구 (명),11674,,data,0,데이터,444,5,1,none,,DITTO_FILLED
울산광역시 > 남자 > 0세,2023,적용인구 (명),2513,,data,0,데이터,445,4,1,none,,DITTO_FILLED
울산광역시 > 남자 > 0세,2024,적용인구 (명),2672,,data,0,데이터,445,5,1,none,,DITTO_FILLED
울산광역시 > 남자 > 5 - 9세,2023,적용인구 (명),25264,,data,0,데이터,446,4,1,none,,DITTO_FILLED
울산광역시 > 남자 > 5 - 9세,2024,적용인구 (명),23222,,data,0,데이터,446,5,1,none,,DITTO_FILLED
울산광역시 > 남자 > 10 - 14세,2023,적용인구 (명),28845,,data,0,데이터,447,4,1,none,,DITTO_FILLED
울산광역시 > 남자 > 10 - 14세,2024,적용인구 (명),28779,,data,0,데이터,447,5,1,none,,DITTO_FILLED
울산광역시 > 남자 > 15 - 19세,2023,적용인구 (명),27711,,data,0,데이터,448,4,1,none,,DITTO_FILLED
울산광역시 > 남자 > 15 - 19세,2024,적용인구 (명),27555,,data,0,데이터,448,5,1,none,,DITTO_FILLED
울산광역시 > 남자 > 20 - 24세,2023,적용인구 (명),32072,,data,0,데이터,449,4,1,none,,DITTO_FILLED
울산광역시 > 남자 > 20 - 24세,2024,적용인구 (명),30769,,data,0,데이터,449,5,1,none,,DITTO_FILLED
울산광역시 > 남자 > 25 - 29세,2023,적용인구 (명),40808,,data,0,데이터,450,4,1,none,,DITTO_FILLED
울산광역시 > 남자 > 25 - 29세,2024,적용인구 (명),40828,,data,0,데이터,450,5,1,none,,DITTO_FILLED
울산광역시 > 남자 > 30 - 34세,2023,적용인구 (명),41343,,data,0,데이터,451,4,1,none,,DITTO_FILLED
울산광역시 > 남자 > 30 - 34세,2024,적용인구 (명),42878,,data,0,데이터,451,5,1,none,,DITTO_FILLED
울산광역시 > 남자 > 35 - 39세,2023,적용인구 (명),38334,,data,0,데이터,452,4,1,none,,DITTO_FILLED
울산광역시 > 남자 > 35 - 39세,2024,적용인구 (명),38812,,data,0,데이터,452,5,1,none,,DITTO_FILLED
울산광역시 > 남자 > 40 - 44세,2023,적용인구 (명),48762,,data,0,데이터,453,4,1,none,,DITTO_FILLED
울산광역시 > 남자 > 40 - 44세,2024,적용인구 (명),46764,,data,0,데이터,453,5,1,none,,DITTO_FILLED
울산광역시 > 남자 > 45 - 49세,2023,적용인구 (명),44786,,data,0,데이터,454,4,1,none,,DITTO_FILLED
울산광역시 > 남자 > 45 - 49세,2024,적용인구 (명),44957,,data,0,데이터,454,5,1,none,,DITTO_FILLED
울산광역시 > 남자 > 50 - 54세,2023,적용인구 (명),50969,,data,0,데이터,455,4,1,none,,DITTO_FILLED
울산광역시 > 남자 > 50 - 54세,2024,적용인구 (명),49584,,data,0,데이터,455,5,1,none,,DITTO_FILLED
울산광역시 > 남자 > 55 - 59세,2023,적용인구 (명),52355,,data,0,데이터,456,4,1,none,,DITTO_FILLED
울산광역시 > 남자 > 55 - 59세,2024,적용인구 (명),52477,,data,0,데이터,456,5,1,none,,DITTO_FILLED
울산광역시 > 남자 > 60 - 64세,2023,적용인구 (명),49000,,data,0,데이터,457,4,1,none,,DITTO_FILLED
울산광역시 > 남자 > 60 - 64세,2024,적용인구 (명),49236,,data,0,데이터,457,5,1,none,,DITTO_FILLED
울산광역시 > 남자 > 65 - 69세,2023,적용인구 (명),34827,,data,0,데이터,458,4,1,none,,DITTO_FILLED
울산광역시 > 남자 > 65 - 69세,2024,적용인구 (명),37433,,data,0,데이터,458,5,1,none,,DITTO_FILLED
울산광역시 > 남자 > 70 - 74세,2023,적용인구 (명),20786,,data,0,데이터,459,4,1,none,,DITTO_FILLED
울산광역시 > 남자 > 70 - 74세,2024,적용인구 (명),22453,,data,0,데이터,459,5,1,none,,DITTO_FILLED
울산광역시 > 남자 > 75 - 79세,2023,적용인구 (명),12109,,data,0,데이터,460,4,1,none,,DITTO_FILLED
울산광역시 > 남자 > 75 - 79세,2024,적용인구 (명),13289,,data,0,데이터,460,5,1,none,,DITTO_FILLED
울산광역시 > 남자 > 80 - 84세,2023,적용인구 (명),7104,,data,0,데이터,461,4,1,none,,DITTO_FILLED
울산광역시 > 남자 > 80 - 84세,2024,적용인구 (명),7389,,data,0,데이터,461,5,1,none,,DITTO_FILLED
울산광역시 > 남자 > 85세 이상,2023,적용인구 (명),3139,,data,0,데이터,462,4,1,none,,DITTO_FILLED
울산광역시 > 남자 > 85세 이상,2024,적용인구 (명),3515,,data,0,데이터,462,5,1,none,,DITTO_FILLED
울산광역시 > 여자 > 합계,2023,적용인구 (명),534391,,subtotal,0,데이터,463,4,1,none,,DITTO_FILLED
울산광역시 > 여자 > 합계,2024,적용인구 (명),531561,,subtotal,0,데이터,463,5,1,none,,DITTO_FILLED
울산광역시 > 여자 > 1 - 4세,2023,적용인구 (명),12441,,data,0,데이터,464,4,1,none,,DITTO_FILLED
울산광역시 > 여자 > 1 - 4세,2024,적용인구 (명),11402,,data,0,데이터,464,5,1,none,,DITTO_FILLED
울산광역시 > 여자 > 0세,2023,적용인구 (명),2476,,data,0,데이터,465,4,1,none,,DITTO_FILLED
울산광역시 > 여자 > 0세,2024,적용인구 (명),2532,,data,0,데이터,465,5,1,none,,DITTO_FILLED
울산광역시 > 여자 > 5 - 9세,2023,적용인구 (명),23598,,data,0,데이터,466,4,1,none,,DITTO_FILLED
울산광역시 > 여자 > 5 - 9세,2024,적용인구 (명),21750,,data,0,데이터,466,5,1,none,,DITTO_FILLED
울산광역시 > 여자 > 10 - 14세,2023,적용인구 (명),26829,,data,0,데이터,467,4,1,none,,DITTO_FILLED
울산광역시 > 여자 > 10 - 14세,2024,적용인구 (명),26987,,data,0,데이터,467,5,1,none,,DITTO_FILLED
울산광역시 > 여자 > 15 - 19세,2023,적용인구 (명),25032,,data,0,데이터,468,4,1,none,,DITTO_FILLED
울산광역시 > 여자 > 15 - 19세,2024,적용인구 (명),25092,,data,0,데이터,468,5,1,none,,DITTO_FILLED
울산광역시 > 여자 > 20 - 24세,2023,적용인구 (명),24122,,data,0,데이터,469,4,1,none,,DITTO_FILLED
울산광역시 > 여자 > 20 - 24세,2024,적용인구 (명),22407,,data,0,데이터,469,5,1,none,,DITTO_FILLED
울산광역시 > 여자 > 25 - 29세,2023,적용인구 (명),29640,,data,0,데이터,470,4,1,none,,DITTO_FILLED
울산광역시 > 여자 > 25 - 29세,2024,적용인구 (명),28552,,data,0,데이터,470,5,1,none,,DITTO_FILLED
울산광역시 > 여자 > 30 - 34세,2023,적용인구 (명),31732,,data,0,데이터,471,4,1,none,,DITTO_FILLED
울산광역시 > 여자 > 30 - 34세,2024,적용인구 (명),31873,,data,0,데이터,471,5,1,none,,DITTO_FILLED
울산광역시 > 여자 > 35 - 39세,2023,적용인구 (명),32534,,data,0,데이터,472,4,1,none,,DITTO_FILLED
울산광역시 > 여자 > 35 - 39세,2024,적용인구 (명),31683,,data,0,데이터,472,5,1,none,,DITTO_FILLED
울산광역시 > 여자 > 40 - 44세,2023,적용인구 (명),44938,,data,0,데이터,473,4,1,none,,DITTO_FILLED
울산광역시 > 여자 > 40 - 44세,2024,적용인구 (명),42672,,data,0,데이터,473,5,1,none,,DITTO_FILLED
울산광역시 > 여자 > 45 - 49세,2023,적용인구 (명),42003,,data,0,데이터,474,4,1,none,,DITTO_FILLED
울산광역시 > 여자 > 45 - 49세,2024,적용인구 (명),41802,,data,0,데이터,474,5,1,none,,DITTO_FILLED
울산광역시 > 여자 > 50 - 54세,2023,적용인구 (명),51510,,data,0,데이터,475,4,1,none,,DITTO_FILLED
울산광역시 > 여자 > 50 - 54세,2024,적용인구 (명),49824,,data,0,데이터,475,5,1,none,,DITTO_FILLED
울산광역시 > 여자 > 55 - 59세,2023,적용인구 (명),50862,,data,0,데이터,476,4,1,none,,DITTO_FILLED
울산광역시 > 여자 > 55 - 59세,2024,적용인구 (명),51944,,data,0,데이터,476,5,1,none,,DITTO_FILLED
울산광역시 > 여자 > 60 - 64세,2023,적용인구 (명),47275,,data,0,데이터,477,4,1,none,,DITTO_FILLED
울산광역시 > 여자 > 60 - 64세,2024,적용인구 (명),47420,,data,0,데이터,477,5,1,none,,DITTO_FILLED
울산광역시 > 여자 > 65 - 69세,2023,적용인구 (명),35265,,data,0,데이터,478,4,1,none,,DITTO_FILLED
울산광역시 > 여자 > 65 - 69세,2024,적용인구 (명),38157,,data,0,데이터,478,5,1,none,,DITTO_FILLED
울산광역시 > 여자 > 70 - 74세,2023,적용인구 (명),21428,,data,0,데이터,479,4,1,none,,DITTO_FILLED
울산광역시 > 여자 > 70 - 74세,2024,적용인구 (명),23052,,data,0,데이터,479,5,1,none,,DITTO_FILLED
울산광역시 > 여자 > 75 - 79세,2023,적용인구 (명),13639,,data,0,데이터,480,4,1,none,,DITTO_FILLED
울산광역시 > 여자 > 75 - 79세,2024,적용인구 (명),14574,,data,0,데이터,480,5,1,none,,DITTO_FILLED
울산광역시 > 여자 > 80 - 84세,2023,적용인구 (명),10581,,data,0,데이터,481,4,1,none,,DITTO_FILLED
울산광역시 > 여자 > 80 - 84세,2024,적용인구 (명),10839,,data,0,데이터,481,5,1,none,,DITTO_FILLED
울산광역시 > 여자 > 85세 이상,2023,적용인구 (명),8486,,data,0,데이터,482,4,1,none,,DITTO_FILLED
울산광역시 > 여자 > 85세 이상,2024,적용인구 (명),8999,,data,0,데이터,482,5,1,none,,DITTO_FILLED
세종특별자치시 > 계 > 합계,2023,적용인구 (명),390142,,subtotal,0,데이터,483,4,1,none,,
세종특별자치시 > 계 > 합계,2024,적용인구 (명),394525,,subtotal,0,데이터,483,5,1,none,,
세종특별자치시 > 계 > 1 - 4세,2023,적용인구 (명),14633,,subtotal,0,데이터,484,4,1,none,,DITTO_FILLED
세종특별자치시 > 계 > 1 - 4세,2024,적용인구 (명),13469,,subtotal,0,데이터,484,5,1,none,,DITTO_FILLED
세종특별자치시 > 계 > 0세,2023,적용인구 (명),2648,,subtotal,0,데이터,485,4,1,none,,DITTO_FILLED
세종특별자치시 > 계 > 0세,2024,적용인구 (명),2822,,subtotal,0,데이터,485,5,1,none,,DITTO_FILLED
세종특별자치시 > 계 > 5 - 9세,2023,적용인구 (명),26295,,subtotal,0,데이터,486,4,1,none,,DITTO_FILLED
세종특별자치시 > 계 > 5 - 9세,2024,적용인구 (명),25105,,subtotal,0,데이터,486,5,1,none,,DITTO_FILLED
세종특별자치시 > 계 > 10 - 14세,2023,적용인구 (명),27753,,subtotal,0,데이터,487,4,1,none,,DITTO_FILLED
세종특별자치시 > 계 > 10 - 14세,2024,적용인구 (명),28373,,subtotal,0,데이터,487,5,1,none,,DITTO_FILLED
세종특별자치시 > 계 > 15 - 19세,2023,적용인구 (명),22747,,subtotal,0,데이터,488,4,1,none,,DITTO_FILLED
세종특별자치시 > 계 > 15 - 19세,2024,적용인구 (명),23949,,subtotal,0,데이터,488,5,1,none,,DITTO_FILLED
세종특별자치시 > 계 > 20 - 24세,2023,적용인구 (명),18292,,subtotal,0,데이터,489,4,1,none,,DITTO_FILLED
세종특별자치시 > 계 > 20 - 24세,2024,적용인구 (명),18374,,subtotal,0,데이터,489,5,1,none,,DITTO_FILLED
세종특별자치시 > 계 > 25 - 29세,2023,적용인구 (명),21046,,subtotal,0,데이터,490,4,1,none,,DITTO_FILLED
세종특별자치시 > 계 > 25 - 29세,2024,적용인구 (명),20414,,subtotal,0,데이터,490,5,1,none,,DITTO_FILLED
세종특별자치시 > 계 > 30 - 34세,2023,적용인구 (명),28273,,subtotal,0,데이터,491,4,1,none,,DITTO_FILLED
세종특별자치시 > 계 > 30 - 34세,2024,적용인구 (명),28625,,subtotal,0,데이터,491,5,1,none,,DITTO_FILLED
세종특별자치시 > 계 > 35 - 39세,2023,적용인구 (명),32773,,subtotal,0,데이터,492,4,1,none,,DITTO_FILLED
세종특별자치시 > 계 > 35 - 39세,2024,적용인구 (명),32048,,subtotal,0,데이터,492,5,1,none,,DITTO_FILLED
세종특별자치시 > 계 > 40 - 44세,2023,적용인구 (명),42434,,subtotal,0,데이터,493,4,1,none,,DITTO_FILLED
세종특별자치시 > 계 > 40 - 44세,2024,적용인구 (명),40854,,subtotal,0,데이터,493,5,1,none,,DITTO_FILLED
세종특별자치시 > 계 > 45 - 49세,2023,적용인구 (명),35850,,subtotal,0,데이터,494,4,1,none,,DITTO_FILLED
세종특별자치시 > 계 > 45 - 49세,2024,적용인구 (명),37356,,subtotal,0,데이터,494,5,1,none,,DITTO_FILLED
세종특별자치시 > 계 > 50 - 54세,2023,적용인구 (명),31808,,subtotal,0,데이터,495,4,1,none,,DITTO_FILLED
세종특별자치시 > 계 > 50 - 54세,2024,적용인구 (명),33246,,subtotal,0,데이터,495,5,1,none,,DITTO_FILLED
세종특별자치시 > 계 > 55 - 59세,2023,적용인구 (명),23331,,subtotal,0,데이터,496,4,1,none,,DITTO_FILLED
세종특별자치시 > 계 > 55 - 59세,2024,적용인구 (명),24482,,subtotal,0,데이터,496,5,1,none,,DITTO_FILLED
세종특별자치시 > 계 > 60 - 64세,2023,적용인구 (명),21019,,subtotal,0,데이터,497,4,1,none,,DITTO_FILLED
세종특별자치시 > 계 > 60 - 64세,2024,적용인구 (명),21474,,subtotal,0,데이터,497,5,1,none,,DITTO_FILLED
세종특별자치시 > 계 > 65 - 69세,2023,적용인구 (명),16149,,subtotal,0,데이터,498,4,1,none,,DITTO_FILLED
세종특별자치시 > 계 > 65 - 69세,2024,적용인구 (명),17205,,subtotal,0,데이터,498,5,1,none,,DITTO_FILLED
세종특별자치시 > 계 > 70 - 74세,2023,적용인구 (명),9652,,subtotal,0,데이터,499,4,1,none,,DITTO_FILLED
세종특별자치시 > 계 > 70 - 74세,2024,적용인구 (명),10413,,subtotal,0,데이터,499,5,1,none,,DITTO_FILLED
세종특별자치시 > 계 > 75 - 79세,2023,적용인구 (명),6277,,subtotal,0,데이터,500,4,1,none,,DITTO_FILLED
세종특별자치시 > 계 > 75 - 79세,2024,적용인구 (명),6814,,subtotal,0,데이터,500,5,1,none,,DITTO_FILLED
세종특별자치시 > 계 > 80 - 84세,2023,적용인구 (명),4880,,subtotal,0,데이터,501,4,1,none,,DITTO_FILLED
세종특별자치시 > 계 > 80 - 84세,2024,적용인구 (명),4950,,subtotal,0,데이터,501,5,1,none,,DITTO_FILLED
세종특별자치시 > 계 > 85세 이상,2023,적용인구 (명),4282,,subtotal,0,데이터,502,4,1,none,,DITTO_FILLED
세종특별자치시 > 계 > 85세 이상,2024,적용인구 (명),4552,,subtotal,0,데이터,502,5,1,none,,DITTO_FILLED
세종특별자치시 > 남자 > 합계,2023,적용인구 (명),194955,,subtotal,0,데이터,503,4,1,none,,DITTO_FILLED
세종특별자치시 > 남자 > 합계,2024,적용인구 (명),197043,,subtotal,0,데이터,503,5,1,none,,DITTO_FILLED
세종특별자치시 > 남자 > 1 - 4세,2023,적용인구 (명),7386,,data,0,데이터,504,4,1,none,,DITTO_FILLED
세종특별자치시 > 남자 > 1 - 4세,2024,적용인구 (명),6798,,data,0,데이터,504,5,1,none,,DITTO_FILLED
세종특별자치시 > 남자 > 0세,2023,적용인구 (명),1319,,data,0,데이터,505,4,1,none,,DITTO_FILLED
세종특별자치시 > 남자 > 0세,2024,적용인구 (명),1416,,data,0,데이터,505,5,1,none,,DITTO_FILLED
세종특별자치시 > 남자 > 5 - 9세,2023,적용인구 (명),13447,,data,0,데이터,506,4,1,none,,DITTO_FILLED
세종특별자치시 > 남자 > 5 - 9세,2024,적용인구 (명),12830,,data,0,데이터,506,5,1,none,,DITTO_FILLED
세종특별자치시 > 남자 > 10 - 14세,2023,적용인구 (명),14147,,data,0,데이터,507,4,1,none,,DITTO_FILLED
세종특별자치시 > 남자 > 10 - 14세,2024,적용인구 (명),14565,,data,0,데이터,507,5,1,none,,DITTO_FILLED
세종특별자치시 > 남자 > 15 - 19세,2023,적용인구 (명),11341,,data,0,데이터,508,4,1,none,,DITTO_FILLED
세종특별자치시 > 남자 > 15 - 19세,2024,적용인구 (명),11940,,data,0,데이터,508,5,1,none,,DITTO_FILLED
세종특별자치시 > 남자 > 20 - 24세,2023,적용인구 (명),9518,,data,0,데이터,509,4,1,none,,DITTO_FILLED
세종특별자치시 > 남자 > 20 - 24세,2024,적용인구 (명),9714,,data,0,데이터,509,5,1,none,,DITTO_FILLED
세종특별자치시 > 남자 > 25 - 29세,2023,적용인구 (명),10567,,data,0,데이터,510,4,1,none,,DITTO_FILLED
세종특별자치시 > 남자 > 25 - 29세,2024,적용인구 (명),10206,,data,0,데이터,510,5,1,none,,DITTO_FILLED
세종특별자치시 > 남자 > 30 - 34세,2023,적용인구 (명),14032,,data,0,데이터,511,4,1,none,,DITTO_FILLED
세종특별자치시 > 남자 > 30 - 34세,2024,적용인구 (명),14281,,data,0,데이터,511,5,1,none,,DITTO_FILLED
세종특별자치시 > 남자 > 35 - 39세,2023,적용인구 (명),16333,,data,0,데이터,512,4,1,none,,DITTO_FILLED
세종특별자치시 > 남자 > 35 - 39세,2024,적용인구 (명),15962,,data,0,데이터,512,5,1,none,,DITTO_FILLED
세종특별자치시 > 남자 > 40 - 44세,2023,적용인구 (명),20754,,data,0,데이터,513,4,1,none,,DITTO_FILLED
세종특별자치시 > 남자 > 40 - 44세,2024,적용인구 (명),19938,,data,0,데이터,513,5,1,none,,DITTO_FILLED
세종특별자치시 > 남자 > 45 - 49세,2023,적용인구 (명),18140,,data,0,데이터,514,4,1,none,,DITTO_FILLED
세종특별자치시 > 남자 > 45 - 49세,2024,적용인구 (명),18588,,data,0,데이터,514,5,1,none,,DITTO_FILLED
세종특별자치시 > 남자 > 50 - 54세,2023,적용인구 (명),16862,,data,0,데이터,515,4,1,none,,DITTO_FILLED
세종특별자치시 > 남자 > 50 - 54세,2024,적용인구 (명),17561,,data,0,데이터,515,5,1,none,,DITTO_FILLED
세종특별자치시 > 남자 > 55 - 59세,2023,적용인구 (명),12008,,data,0,데이터,516,4,1,none,,DITTO_FILLED
세종특별자치시 > 남자 > 55 - 59세,2024,적용인구 (명),12543,,data,0,데이터,516,5,1,none,,DITTO_FILLED
세종특별자치시 > 남자 > 60 - 64세,2023,적용인구 (명),10506,,data,0,데이터,517,4,1,none,,DITTO_FILLED
세종특별자치시 > 남자 > 60 - 64세,2024,적용인구 (명),10768,,data,0,데이터,517,5,1,none,,DITTO_FILLED
세종특별자치시 > 남자 > 65 - 69세,2023,적용인구 (명),7936,,data,0,데이터,518,4,1,none,,DITTO_FILLED
세종특별자치시 > 남자 > 65 - 69세,2024,적용인구 (명),8408,,data,0,데이터,518,5,1,none,,DITTO_FILLED
세종특별자치시 > 남자 > 70 - 74세,2023,적용인구 (명),4649,,data,0,데이터,519,4,1,none,,DITTO_FILLED
세종특별자치시 > 남자 > 70 - 74세,2024,적용인구 (명),5044,,data,0,데이터,519,5,1,none,,DITTO_FILLED
세종특별자치시 > 남자 > 75 - 79세,2023,적용인구 (명),2888,,data,0,데이터,520,4,1,none,,DITTO_FILLED
세종특별자치시 > 남자 > 75 - 79세,2024,적용인구 (명),3188,,data,0,데이터,520,5,1,none,,DITTO_FILLED
세종특별자치시 > 남자 > 80 - 84세,2023,적용인구 (명),1938,,data,0,데이터,521,4,1,none,,DITTO_FILLED
세종특별자치시 > 남자 > 80 - 84세,2024,적용인구 (명),2002,,data,0,데이터,521,5,1,none,,DITTO_FILLED
세종특별자치시 > 남자 > 85세 이상,2023,적용인구 (명),1184,,data,0,데이터,522,4,1,none,,DITTO_FILLED
세종특별자치시 > 남자 > 85세 이상,2024,적용인구 (명),1291,,data,0,데이터,522,5,1,none,,DITTO_FILLED
세종특별자치시 > 여자 > 합계,2023,적용인구 (명),195187,,subtotal,0,데이터,523,4,1,none,,DITTO_FILLED
세종특별자치시 > 여자 > 합계,2024,적용인구 (명),197482,,subtotal,0,데이터,523,5,1,none,,DITTO_FILLED
세종특별자치시 > 여자 > 1 - 4세,2023,적용인구 (명),7247,,data,0,데이터,524,4,1,none,,DITTO_FILLED
세종특별자치시 > 여자 > 1 - 4세,2024,적용인구 (명),6671,,data,0,데이터,524,5,1,none,,DITTO_FILLED
세종특별자치시 > 여자 > 0세,2023,적용인구 (명),1329,,data,0,데이터,525,4,1,none,,DITTO_FILLED
세종특별자치시 > 여자 > 0세,2024,적용인구 (명),1406,,data,0,데이터,525,5,1,none,,DITTO_FILLED
세종특별자치시 > 여자 > 5 - 9세,2023,적용인구 (명),12848,,data,0,데이터,526,4,1,none,,DITTO_FILLED
세종특별자치시 > 여자 > 5 - 9세,2024,적용인구 (명),12275,,data,0,데이터,526,5,1,none,,DITTO_FILLED
세종특별자치시 > 여자 > 10 - 14세,2023,적용인구 (명),13606,,data,0,데이터,527,4,1,none,,DITTO_FILLED
세종특별자치시 > 여자 > 10 - 14세,2024,적용인구 (명),13808,,data,0,데이터,527,5,1,none,,DITTO_FILLED
세종특별자치시 > 여자 > 15 - 19세,2023,적용인구 (명),11406,,data,0,데이터,528,4,1,none,,DITTO_FILLED
세종특별자치시 > 여자 > 15 - 19세,2024,적용인구 (명),12009,,data,0,데이터,528,5,1,none,,DITTO_FILLED
세종특별자치시 > 여자 > 20 - 24세,2023,적용인구 (명),8774,,data,0,데이터,529,4,1,none,,DITTO_FILLED
세종특별자치시 > 여자 > 20 - 24세,2024,적용인구 (명),8660,,data,0,데이터,529,5,1,none,,DITTO_FILLED
세종특별자치시 > 여자 > 25 - 29세,2023,적용인구 (명),10479,,data,0,데이터,530,4,1,none,,DITTO_FILLED
세종특별자치시 > 여자 > 25 - 29세,2024,적용인구 (명),10208,,data,0,데이터,530,5,1,none,,DITTO_FILLED
세종특별자치시 > 여자 > 30 - 34세,2023,적용인구 (명),14241,,data,0,데이터,531,4,1,none,,DITTO_FILLED
세종특별자치시 > 여자 > 30 - 34세,2024,적용인구 (명),14344,,data,0,데이터,531,5,1,none,,DITTO_FILLED
세종특별자치시 > 여자 > 35 - 39세,2023,적용인구 (명),16440,,data,0,데이터,532,4,1,none,,DITTO_FILLED
세종특별자치시 > 여자 > 35 - 39세,2024,적용인구 (명),16086,,data,0,데이터,532,5,1,none,,DITTO_FILLED
세종특별자치시 > 여자 > 40 - 44세,2023,적용인구 (명),21680,,data,0,데이터,533,4,1,none,,DITTO_FILLED
세종특별자치시 > 여자 > 40 - 44세,2024,적용인구 (명),20916,,data,0,데이터,533,5,1,none,,DITTO_FILLED
세종특별자치시 > 여자 > 45 - 49세,2023,적용인구 (명),17710,,data,0,데이터,534,4,1,none,,DITTO_FILLED
세종특별자치시 > 여자 > 45 - 49세,2024,적용인구 (명),18768,,data,0,데이터,534,5,1,none,,DITTO_FILLED
세종특별자치시 > 여자 > 50 - 54세,2023,적용인구 (명),14946,,data,0,데이터,535,4,1,none,,DITTO_FILLED
세종특별자치시 > 여자 > 50 - 54세,2024,적용인구 (명),15685,,data,0,데이터,535,5,1,none,,DITTO_FILLED
세종특별자치시 > 여자 > 55 - 59세,2023,적용인구 (명),11323,,data,0,데이터,536,4,1,none,,DITTO_FILLED
세종특별자치시 > 여자 > 55 - 59세,2024,적용인구 (명),11939,,data,0,데이터,536,5,1,none,,DITTO_FILLED
세종특별자치시 > 여자 > 60 - 64세,2023,적용인구 (명),10513,,data,0,데이터,537,4,1,none,,DITTO_FILLED
세종특별자치시 > 여자 > 60 - 64세,2024,적용인구 (명),10706,,data,0,데이터,537,5,1,none,,DITTO_FILLED
세종특별자치시 > 여자 > 65 - 69세,2023,적용인구 (명),8213,,data,0,데이터,538,4,1,none,,DITTO_FILLED
세종특별자치시 > 여자 > 65 - 69세,2024,적용인구 (명),8797,,data,0,데이터,538,5,1,none,,DITTO_FILLED
세종특별자치시 > 여자 > 70 - 74세,2023,적용인구 (명),5003,,data,0,데이터,539,4,1,none,,DITTO_FILLED
세종특별자치시 > 여자 > 70 - 74세,2024,적용인구 (명),5369,,data,0,데이터,539,5,1,none,,DITTO_FILLED
세종특별자치시 > 여자 > 75 - 79세,2023,적용인구 (명),3389,,data,0,데이터,540,4,1,none,,DITTO_FILLED
세종특별자치시 > 여자 > 75 - 79세,2024,적용인구 (명),3626,,data,0,데이터,540,5,1,none,,DITTO_FILLED
세종특별자치시 > 여자 > 80 - 84세,2023,적용인구 (명),2942,,data,0,데이터,541,4,1,none,,DITTO_FILLED
세종특별자치시 > 여자 > 80 - 84세,2024,적용인구 (명),2948,,data,0,데이터,541,5,1,none,,DITTO_FILLED
세종특별자치시 > 여자 > 85세 이상,2023,적용인구 (명),3098,,data,0,데이터,542,4,1,none,,DITTO_FILLED
세종특별자치시 > 여자 > 85세 이상,2024,적용인구 (명),3261,,data,0,데이터,542,5,1,none,,DITTO_FILLED
경기도 > 계 > 합계,2023,적용인구 (명),13940405,,subtotal,0,데이터,543,4,1,none,,
경기도 > 계 > 합계,2024,적용인구 (명),14027548,,subtotal,0,데이터,543,5,1,none,,
경기도 > 계 > 1 - 4세,2023,적용인구 (명),340983,,subtotal,0,데이터,544,4,1,none,,DITTO_FILLED
경기도 > 계 > 1 - 4세,2024,적용인구 (명),323112,,subtotal,0,데이터,544,5,1,none,,DITTO_FILLED
경기도 > 계 > 0세,2023,적용인구 (명),69090,,subtotal,0,데이터,545,4,1,none,,DITTO_FILLED
경기도 > 계 > 0세,2024,적용인구 (명),72481,,subtotal,0,데이터,545,5,1,none,,DITTO_FILLED
경기도 > 계 > 5 - 9세,2023,적용인구 (명),594106,,subtotal,0,데이터,546,4,1,none,,DITTO_FILLED
경기도 > 계 > 5 - 9세,2024,적용인구 (명),560295,,subtotal,0,데이터,546,5,1,none,,DITTO_FILLED
경기도 > 계 > 10 - 14세,2023,적용인구 (명),668271,,subtotal,0,데이터,547,4,1,none,,DITTO_FILLED
경기도 > 계 > 10 - 14세,2024,적용인구 (명),670180,,subtotal,0,데이터,547,5,1,none,,DITTO_FILLED
경기도 > 계 > 15 - 19세,2023,적용인구 (명),648321,,subtotal,0,데이터,548,4,1,none,,DITTO_FILLED
경기도 > 계 > 15 - 19세,2024,적용인구 (명),648198,,subtotal,0,데이터,548,5,1,none,,DITTO_FILLED
경기도 > 계 > 20 - 24세,2023,적용인구 (명),780731,,subtotal,0,데이터,549,4,1,none,,DITTO_FILLED
경기도 > 계 > 20 - 24세,2024,적용인구 (명),754511,,subtotal,0,데이터,549,5,1,none,,DITTO_FILLED
경기도 > 계 > 25 - 29세,2023,적용인구 (명),982578,,subtotal,0,데이터,550,4,1,none,,DITTO_FILLED
경기도 > 계 > 25 - 29세,2024,적용인구 (명),968590,,subtotal,0,데이터,550,5,1,none,,DITTO_FILLED
경기도 > 계 > 30 - 34세,2023,적용인구 (명),1027381,,subtotal,0,데이터,551,4,1,none,,DITTO_FILLED
경기도 > 계 > 30 - 34세,2024,적용인구 (명),1058804,,subtotal,0,데이터,551,5,1,none,,DITTO_FILLED
경기도 > 계 > 35 - 39세,2023,적용인구 (명),984864,,subtotal,0,데이터,552,4,1,none,,DITTO_FILLED
경기도 > 계 > 35 - 39세,2024,적용인구 (명),988199,,subtotal,0,데이터,552,5,1,none,,DITTO_FILLED
경기도 > 계 > 40 - 44세,2023,적용인구 (명),1209330,,subtotal,0,데이터,553,4,1,none,,DITTO_FILLED
경기도 > 계 > 40 - 44세,2024,적용인구 (명),1171052,,subtotal,0,데이터,553,5,1,none,,DITTO_FILLED
경기도 > 계 > 45 - 49세,2023,적용인구 (명),1121055,,subtotal,0,데이터,554,4,1,none,,DITTO_FILLED
경기도 > 계 > 45 - 49세,2024,적용인구 (명),1122409,,subtotal,0,데이터,554,5,1,none,,DITTO_FILLED
경기도 > 계 > 50 - 54세,2023,적용인구 (명),1267056,,subtotal,0,데이터,555,4,1,none,,DITTO_FILLED
경기도 > 계 > 50 - 54세,2024,적용인구 (명),1255992,,subtotal,0,데이터,555,5,1,none,,DITTO_FILLED
경기도 > 계 > 55 - 59세,2023,적용인구 (명),1129111,,subtotal,0,데이터,556,4,1,none,,DITTO_FILLED
경기도 > 계 > 55 - 59세,2024,적용인구 (명),1159435,,subtotal,0,데이터,556,5,1,none,,DITTO_FILLED
경기도 > 계 > 60 - 64세,2023,적용인구 (명),1062959,,subtotal,0,데이터,557,4,1,none,,DITTO_FILLED
경기도 > 계 > 60 - 64세,2024,적용인구 (명),1079241,,subtotal,0,데이터,557,5,1,none,,DITTO_FILLED
경기도 > 계 > 65 - 69세,2023,적용인구 (명),787362,,subtotal,0,데이터,558,4,1,none,,DITTO_FILLED
경기도 > 계 > 65 - 69세,2024,적용인구 (명),849214,,subtotal,0,데이터,558,5,1,none,,DITTO_FILLED
경기도 > 계 > 70 - 74세,2023,적용인구 (명),470310,,subtotal,0,데이터,559,4,1,none,,DITTO_FILLED
경기도 > 계 > 70 - 74세,2024,적용인구 (명),508476,,subtotal,0,데이터,559,5,1,none,,DITTO_FILLED
경기도 > 계 > 75 - 79세,2023,적용인구 (명),347063,,subtotal,0,데이터,560,4,1,none,,DITTO_FILLED
경기도 > 계 > 75 - 79세,2024,적용인구 (명),365135,,subtotal,0,데이터,560,5,1,none,,DITTO_FILLED
경기도 > 계 > 80 - 84세,2023,적용인구 (명),256483,,subtotal,0,데이터,561,4,1,none,,DITTO_FILLED
경기도 > 계 > 80 - 84세,2024,적용인구 (명),261474,,subtotal,0,데이터,561,5,1,none,,DITTO_FILLED
경기도 > 계 > 85세 이상,2023,적용인구 (명),193351,,subtotal,0,데이터,562,4,1,none,,DITTO_FILLED
경기도 > 계 > 85세 이상,2024,적용인구 (명),210750,,subtotal,0,데이터,562,5,1,none,,DITTO_FILLED
경기도 > 남자 > 합계,2023,적용인구 (명),7061630,,subtotal,0,데이터,563,4,1,none,,DITTO_FILLED
경기도 > 남자 > 합계,2024,적용인구 (명),7100587,,subtotal,0,데이터,563,5,1,none,,DITTO_FILLED
경기도 > 남자 > 1 - 4세,2023,적용인구 (명),174341,,data,0,데이터,564,4,1,none,,DITTO_FILLED
경기도 > 남자 > 1 - 4세,2024,적용인구 (명),165188,,data,0,데이터,564,5,1,none,,DITTO_FILLED
경기도 > 남자 > 0세,2023,적용인구 (명),35493,,data,0,데이터,565,4,1,none,,DITTO_FILLED
경기도 > 남자 > 0세,2024,적용인구 (명),37073,,data,0,데이터,565,5,1,none,,DITTO_FILLED
경기도 > 남자 > 5 - 9세,2023,적용인구 (명),303966,,data,0,데이터,566,4,1,none,,DITTO_FILLED
경기도 > 남자 > 5 - 9세,2024,적용인구 (명),286927,,data,0,데이터,566,5,1,none,,DITTO_FILLED
경기도 > 남자 > 10 - 14세,2023,적용인구 (명),341957,,data,0,데이터,567,4,1,none,,DITTO_FILLED
경기도 > 남자 > 10 - 14세,2024,적용인구 (명),342369,,data,0,데이터,567,5,1,none,,DITTO_FILLED
경기도 > 남자 > 15 - 19세,2023,적용인구 (명),331796,,data,0,데이터,568,4,1,none,,DITTO_FILLED
경기도 > 남자 > 15 - 19세,2024,적용인구 (명),331619,,data,0,데이터,568,5,1,none,,DITTO_FILLED
경기도 > 남자 > 20 - 24세,2023,적용인구 (명),409313,,data,0,데이터,569,4,1,none,,DITTO_FILLED
경기도 > 남자 > 20 - 24세,2024,적용인구 (명),396357,,data,0,데이터,569,5,1,none,,DITTO_FILLED
경기도 > 남자 > 25 - 29세,2023,적용인구 (명),531654,,data,0,데이터,570,4,1,none,,DITTO_FILLED
경기도 > 남자 > 25 - 29세,2024,적용인구 (명),522218,,data,0,데이터,570,5,1,none,,DITTO_FILLED
경기도 > 남자 > 30 - 34세,2023,적용인구 (명),552724,,data,0,데이터,571,4,1,none,,DITTO_FILLED
경기도 > 남자 > 30 - 34세,2024,적용인구 (명),572728,,data,0,데이터,571,5,1,none,,DITTO_FILLED
경기도 > 남자 > 35 - 39세,2023,적용인구 (명),515202,,data,0,데이터,572,4,1,none,,DITTO_FILLED
경기도 > 남자 > 35 - 39세,2024,적용인구 (명),518203,,data,0,데이터,572,5,1,none,,DITTO_FILLED
경기도 > 남자 > 40 - 44세,2023,적용인구 (명),622979,,data,0,데이터,573,4,1,none,,DITTO_FILLED
경기도 > 남자 > 40 - 44세,2024,적용인구 (명),605219,,data,0,데이터,573,5,1,none,,DITTO_FILLED
경기도 > 남자 > 45 - 49세,2023,적용인구 (명),573220,,data,0,데이터,574,4,1,none,,DITTO_FILLED
경기도 > 남자 > 45 - 49세,2024,적용인구 (명),572542,,data,0,데이터,574,5,1,none,,DITTO_FILLED
경기도 > 남자 > 50 - 54세,2023,적용인구 (명),641929,,data,0,데이터,575,4,1,none,,DITTO_FILLED
경기도 > 남자 > 50 - 54세,2024,적용인구 (명),637396,,data,0,데이터,575,5,1,none,,DITTO_FILLED
경기도 > 남자 > 55 - 59세,2023,적용인구 (명),566303,,data,0,데이터,576,4,1,none,,DITTO_FILLED
경기도 > 남자 > 55 - 59세,2024,적용인구 (명),577991,,data,0,데이터,576,5,1,none,,DITTO_FILLED
경기도 > 남자 > 60 - 64세,2023,적용인구 (명),531781,,data,0,데이터,577,4,1,none,,DITTO_FILLED
경기도 > 남자 > 60 - 64세,2024,적용인구 (명),538716,,data,0,데이터,577,5,1,none,,DITTO_FILLED
경기도 > 남자 > 65 - 69세,2023,적용인구 (명),385727,,data,0,데이터,578,4,1,none,,DITTO_FILLED
경기도 > 남자 > 65 - 69세,2024,적용인구 (명),415628,,data,0,데이터,578,5,1,none,,DITTO_FILLED
경기도 > 남자 > 70 - 74세,2023,적용인구 (명),222156,,data,0,데이터,579,4,1,none,,DITTO_FILLED
경기도 > 남자 > 70 - 74세,2024,적용인구 (명),240980,,data,0,데이터,579,5,1,none,,DITTO_FILLED
경기도 > 남자 > 75 - 79세,2023,적용인구 (명),155920,,data,0,데이터,580,4,1,none,,DITTO_FILLED
경기도 > 남자 > 75 - 79세,2024,적용인구 (명),165052,,data,0,데이터,580,5,1,none,,DITTO_FILLED
경기도 > 남자 > 80 - 84세,2023,적용인구 (명),103883,,data,0,데이터,581,4,1,none,,DITTO_FILLED
경기도 > 남자 > 80 - 84세,2024,적용인구 (명),106380,,data,0,데이터,581,5,1,none,,DITTO_FILLED
경기도 > 남자 > 85세 이상,2023,적용인구 (명),61286,,data,0,데이터,582,4,1,none,,DITTO_FILLED
경기도 > 남자 > 85세 이상,2024,적용인구 (명),68001,,data,0,데이터,582,5,1,none,,DITTO_FILLED
경기도 > 여자 > 합계,2023,적용인구 (명),6878775,,subtotal,0,데이터,583,4,1,none,,DITTO_FILLED
경기도 > 여자 > 합계,2024,적용인구 (명),6926961,,subtotal,0,데이터,583,5,1,none,,DITTO_FILLED
경기도 > 여자 > 1 - 4세,2023,적용인구 (명),166642,,data,0,데이터,584,4,1,none,,DITTO_FILLED
경기도 > 여자 > 1 - 4세,2024,적용인구 (명),157924,,data,0,데이터,584,5,1,none,,DITTO_FILLED
경기도 > 여자 > 0세,2023,적용인구 (명),33597,,data,0,데이터,585,4,1,none,,DITTO_FILLED
경기도 > 여자 > 0세,2024,적용인구 (명),35408,,data,0,데이터,585,5,1,none,,DITTO_FILLED
경기도 > 여자 > 5 - 9세,2023,적용인구 (명),290140,,data,0,데이터,586,4,1,none,,DITTO_FILLED
경기도 > 여자 > 5 - 9세,2024,적용인구 (명),273368,,data,0,데이터,586,5,1,none,,DITTO_FILLED
경기도 > 여자 > 10 - 14세,2023,적용인구 (명),326314,,data,0,데이터,587,4,1,none,,DITTO_FILLED
경기도 > 여자 > 10 - 14세,2024,적용인구 (명),327811,,data,0,데이터,587,5,1,none,,DITTO_FILLED
경기도 > 여자 > 15 - 19세,2023,적용인구 (명),316525,,data,0,데이터,588,4,1,none,,DITTO_FILLED
경기도 > 여자 > 15 - 19세,2024,적용인구 (명),316579,,data,0,데이터,588,5,1,none,,DITTO_FILLED
경기도 > 여자 > 20 - 24세,2023,적용인구 (명),371418,,data,0,데이터,589,4,1,none,,DITTO_FILLED
경기도 > 여자 > 20 - 24세,2024,적용인구 (명),358154,,data,0,데이터,589,5,1,none,,DITTO_FILLED
경기도 > 여자 > 25 - 29세,2023,적용인구 (명),450924,,data,0,데이터,590,4,1,none,,DITTO_FILLED
경기도 > 여자 > 25 - 29세,2024,적용인구 (명),446372,,data,0,데이터,590,5,1,none,,DITTO_FILLED
경기도 > 여자 > 30 - 34세,2023,적용인구 (명),474657,,data,0,데이터,591,4,1,none,,DITTO_FILLED
경기도 > 여자 > 30 - 34세,2024,적용인구 (명),486076,,data,0,데이터,591,5,1,none,,DITTO_FILLED
경기도 > 여자 > 35 - 39세,2023,적용인구 (명),469662,,data,0,데이터,592,4,1,none,,DITTO_FILLED
경기도 > 여자 > 35 - 39세,2024,적용인구 (명),469996,,data,0,데이터,592,5,1,none,,DITTO_FILLED
경기도 > 여자 > 40 - 44세,2023,적용인구 (명),586351,,data,0,데이터,593,4,1,none,,DITTO_FILLED
경기도 > 여자 > 40 - 44세,2024,적용인구 (명),565833,,data,0,데이터,593,5,1,none,,DITTO_FILLED
경기도 > 여자 > 45 - 49세,2023,적용인구 (명),547835,,data,0,데이터,594,4,1,none,,DITTO_FILLED
경기도 > 여자 > 45 - 49세,2024,적용인구 (명),549867,,data,0,데이터,594,5,1,none,,DITTO_FILLED
경기도 > 여자 > 50 - 54세,2023,적용인구 (명),625127,,data,0,데이터,595,4,1,none,,DITTO_FILLED
경기도 > 여자 > 50 - 54세,2024,적용인구 (명),618596,,data,0,데이터,595,5,1,none,,DITTO_FILLED
경기도 > 여자 > 55 - 59세,2023,적용인구 (명),562808,,data,0,데이터,596,4,1,none,,DITTO_FILLED
경기도 > 여자 > 55 - 59세,2024,적용인구 (명),581444,,data,0,데이터,596,5,1,none,,DITTO_FILLED
경기도 > 여자 > 60 - 64세,2023,적용인구 (명),531178,,data,0,데이터,597,4,1,none,,DITTO_FILLED
경기도 > 여자 > 60 - 64세,2024,적용인구 (명),540525,,data,0,데이터,597,5,1,none,,DITTO_FILLED
경기도 > 여자 > 65 - 69세,2023,적용인구 (명),401635,,data,0,데이터,598,4,1,none,,DITTO_FILLED
경기도 > 여자 > 65 - 69세,2024,적용인구 (명),433586,,data,0,데이터,598,5,1,none,,DITTO_FILLED
경기도 > 여자 > 70 - 74세,2023,적용인구 (명),248154,,data,0,데이터,599,4,1,none,,DITTO_FILLED
경기도 > 여자 > 70 - 74세,2024,적용인구 (명),267496,,data,0,데이터,599,5,1,none,,DITTO_FILLED
경기도 > 여자 > 75 - 79세,2023,적용인구 (명),191143,,data,0,데이터,600,4,1,none,,DITTO_FILLED
경기도 > 여자 > 75 - 79세,2024,적용인구 (명),200083,,data,0,데이터,600,5,1,none,,DITTO_FILLED
경기도 > 여자 > 80 - 84세,2023,적용인구 (명),152600,,data,0,데이터,601,4,1,none,,DITTO_FILLED
경기도 > 여자 > 80 - 84세,2024,적용인구 (명),155094,,data,0,데이터,601,5,1,none,,DITTO_FILLED
경기도 > 여자 > 85세 이상,2023,적용인구 (명),132065,,data,0,데이터,602,4,1,none,,DITTO_FILLED
경기도 > 여자 > 85세 이상,2024,적용인구 (명),142749,,data,0,데이터,602,5,1,none,,DITTO_FILLED
강원특별자치도 > 계 > 합계,2023,적용인구 (명),1500026,,subtotal,0,데이터,603,4,1,none,,
강원특별자치도 > 계 > 합계,2024,적용인구 (명),1493111,,subtotal,0,데이터,603,5,1,none,,
강원특별자치도 > 계 > 1 - 4세,2023,적용인구 (명),31730,,subtotal,0,데이터,604,4,1,none,,DITTO_FILLED
강원특별자치도 > 계 > 1 - 4세,2024,적용인구 (명),29641,,subtotal,0,데이터,604,5,1,none,,DITTO_FILLED
강원특별자치도 > 계 > 0세,2023,적용인구 (명),6625,,subtotal,0,데이터,605,4,1,none,,DITTO_FILLED
강원특별자치도 > 계 > 0세,2024,적용인구 (명),6511,,subtotal,0,데이터,605,5,1,none,,DITTO_FILLED
강원특별자치도 > 계 > 5 - 9세,2023,적용인구 (명),51664,,subtotal,0,데이터,606,4,1,none,,DITTO_FILLED
강원특별자치도 > 계 > 5 - 9세,2024,적용인구 (명),48972,,subtotal,0,데이터,606,5,1,none,,DITTO_FILLED
강원특별자치도 > 계 > 10 - 14세,2023,적용인구 (명),61839,,subtotal,0,데이터,607,4,1,none,,DITTO_FILLED
강원특별자치도 > 계 > 10 - 14세,2024,적용인구 (명),60820,,subtotal,0,데이터,607,5,1,none,,DITTO_FILLED
강원특별자치도 > 계 > 15 - 19세,2023,적용인구 (명),64249,,subtotal,0,데이터,608,4,1,none,,DITTO_FILLED
강원특별자치도 > 계 > 15 - 19세,2024,적용인구 (명),63177,,subtotal,0,데이터,608,5,1,none,,DITTO_FILLED
강원특별자치도 > 계 > 20 - 24세,2023,적용인구 (명),81069,,subtotal,0,데이터,609,4,1,none,,DITTO_FILLED
강원특별자치도 > 계 > 20 - 24세,2024,적용인구 (명),77357,,subtotal,0,데이터,609,5,1,none,,DITTO_FILLED
강원특별자치도 > 계 > 25 - 29세,2023,적용인구 (명),86986,,subtotal,0,데이터,610,4,1,none,,DITTO_FILLED
강원특별자치도 > 계 > 25 - 29세,2024,적용인구 (명),84710,,subtotal,0,데이터,610,5,1,none,,DITTO_FILLED
강원특별자치도 > 계 > 30 - 34세,2023,적용인구 (명),83563,,subtotal,0,데이터,611,4,1,none,,DITTO_FILLED
강원특별자치도 > 계 > 30 - 34세,2024,적용인구 (명),85107,,subtotal,0,데이터,611,5,1,none,,DITTO_FILLED
강원특별자치도 > 계 > 35 - 39세,2023,적용인구 (명),78948,,subtotal,0,데이터,612,4,1,none,,DITTO_FILLED
강원특별자치도 > 계 > 35 - 39세,2024,적용인구 (명),78018,,subtotal,0,데이터,612,5,1,none,,DITTO_FILLED
강원특별자치도 > 계 > 40 - 44세,2023,적용인구 (명),102611,,subtotal,0,데이터,613,4,1,none,,DITTO_FILLED
강원특별자치도 > 계 > 40 - 44세,2024,적용인구 (명),98085,,subtotal,0,데이터,613,5,1,none,,DITTO_FILLED
강원특별자치도 > 계 > 45 - 49세,2023,적용인구 (명),105473,,subtotal,0,데이터,614,4,1,none,,DITTO_FILLED
강원특별자치도 > 계 > 45 - 49세,2024,적용인구 (명),102405,,subtotal,0,데이터,614,5,1,none,,DITTO_FILLED
강원특별자치도 > 계 > 50 - 54세,2023,적용인구 (명),129166,,subtotal,0,데이터,615,4,1,none,,DITTO_FILLED
강원특별자치도 > 계 > 50 - 54세,2024,적용인구 (명),126020,,subtotal,0,데이터,615,5,1,none,,DITTO_FILLED
강원특별자치도 > 계 > 55 - 59세,2023,적용인구 (명),128688,,subtotal,0,데이터,616,4,1,none,,DITTO_FILLED
강원특별자치도 > 계 > 55 - 59세,2024,적용인구 (명),130559,,subtotal,0,데이터,616,5,1,none,,DITTO_FILLED
강원특별자치도 > 계 > 60 - 64세,2023,적용인구 (명),143441,,subtotal,0,데이터,617,4,1,none,,DITTO_FILLED
강원특별자치도 > 계 > 60 - 64세,2024,적용인구 (명),140008,,subtotal,0,데이터,617,5,1,none,,DITTO_FILLED
강원특별자치도 > 계 > 65 - 69세,2023,적용인구 (명),122146,,subtotal,0,데이터,618,4,1,none,,DITTO_FILLED
강원특별자치도 > 계 > 65 - 69세,2024,적용인구 (명),129434,,subtotal,0,데이터,618,5,1,none,,DITTO_FILLED
강원특별자치도 > 계 > 70 - 74세,2023,적용인구 (명),73441,,subtotal,0,데이터,619,4,1,none,,DITTO_FILLED
강원특별자치도 > 계 > 70 - 74세,2024,적용인구 (명),80886,,subtotal,0,데이터,619,5,1,none,,DITTO_FILLED
강원특별자치도 > 계 > 75 - 79세,2023,적용인구 (명),59889,,subtotal,0,데이터,620,4,1,none,,DITTO_FILLED
강원특별자치도 > 계 > 75 - 79세,2024,적용인구 (명),59671,,subtotal,0,데이터,620,5,1,none,,DITTO_FILLED
강원특별자치도 > 계 > 80 - 84세,2023,적용인구 (명),50418,,subtotal,0,데이터,621,4,1,none,,DITTO_FILLED
강원특별자치도 > 계 > 80 - 84세,2024,적용인구 (명),50336,,subtotal,0,데이터,621,5,1,none,,DITTO_FILLED
강원특별자치도 > 계 > 85세 이상,2023,적용인구 (명),38080,,subtotal,0,데이터,622,4,1,none,,DITTO_FILLED
강원특별자치도 > 계 > 85세 이상,2024,적용인구 (명),41394,,subtotal,0,데이터,622,5,1,none,,DITTO_FILLED
강원특별자치도 > 남자 > 합계,2023,적용인구 (명),756973,,subtotal,0,데이터,623,4,1,none,,DITTO_FILLED
강원특별자치도 > 남자 > 합계,2024,적용인구 (명),753219,,subtotal,0,데이터,623,5,1,none,,DITTO_FILLED
강원특별자치도 > 남자 > 1 - 4세,2023,적용인구 (명),16244,,data,0,데이터,624,4,1,none,,DITTO_FILLED
강원특별자치도 > 남자 > 1 - 4세,2024,적용인구 (명),15098,,data,0,데이터,624,5,1,none,,DITTO_FILLED
강원특별자치도 > 남자 > 0세,2023,적용인구 (명),3360,,data,0,데이터,625,4,1,none,,DITTO_FILLED
강원특별자치도 > 남자 > 0세,2024,적용인구 (명),3268,,data,0,데이터,625,5,1,none,,DITTO_FILLED
강원특별자치도 > 남자 > 5 - 9세,2023,적용인구 (명),26430,,data,0,데이터,626,4,1,none,,DITTO_FILLED
강원특별자치도 > 남자 > 5 - 9세,2024,적용인구 (명),25064,,data,0,데이터,626,5,1,none,,DITTO_FILLED
강원특별자치도 > 남자 > 10 - 14세,2023,적용인구 (명),31823,,data,0,데이터,627,4,1,none,,DITTO_FILLED
강원특별자치도 > 남자 > 10 - 14세,2024,적용인구 (명),31273,,data,0,데이터,627,5,1,none,,DITTO_FILLED
강원특별자치도 > 남자 > 15 - 19세,2023,적용인구 (명),33578,,data,0,데이터,628,4,1,none,,DITTO_FILLED
강원특별자치도 > 남자 > 15 - 19세,2024,적용인구 (명),32937,,data,0,데이터,628,5,1,none,,DITTO_FILLED
강원특별자치도 > 남자 > 20 - 24세,2023,적용인구 (명),45132,,data,0,데이터,629,4,1,none,,DITTO_FILLED
강원특별자치도 > 남자 > 20 - 24세,2024,적용인구 (명),43062,,data,0,데이터,629,5,1,none,,DITTO_FILLED
강원특별자치도 > 남자 > 25 - 29세,2023,적용인구 (명),49272,,data,0,데이터,630,4,1,none,,DITTO_FILLED
강원특별자치도 > 남자 > 25 - 29세,2024,적용인구 (명),47813,,data,0,데이터,630,5,1,none,,DITTO_FILLED
강원특별자치도 > 남자 > 30 - 34세,2023,적용인구 (명),45653,,data,0,데이터,631,4,1,none,,DITTO_FILLED
강원특별자치도 > 남자 > 30 - 34세,2024,적용인구 (명),46770,,data,0,데이터,631,5,1,none,,DITTO_FILLED
강원특별자치도 > 남자 > 35 - 39세,2023,적용인구 (명),41473,,data,0,데이터,632,4,1,none,,DITTO_FILLED
강원특별자치도 > 남자 > 35 - 39세,2024,적용인구 (명),41167,,data,0,데이터,632,5,1,none,,DITTO_FILLED
강원특별자치도 > 남자 > 40 - 44세,2023,적용인구 (명),52258,,data,0,데이터,633,4,1,none,,DITTO_FILLED
강원특별자치도 > 남자 > 40 - 44세,2024,적용인구 (명),50201,,data,0,데이터,633,5,1,none,,DITTO_FILLED
강원특별자치도 > 남자 > 45 - 49세,2023,적용인구 (명),53976,,data,0,데이터,634,4,1,none,,DITTO_FILLED
강원특별자치도 > 남자 > 45 - 49세,2024,적용인구 (명),52132,,data,0,데이터,634,5,1,none,,DITTO_FILLED
강원특별자치도 > 남자 > 50 - 54세,2023,적용인구 (명),66975,,data,0,데이터,635,4,1,none,,DITTO_FILLED
강원특별자치도 > 남자 > 50 - 54세,2024,적용인구 (명),65143,,data,0,데이터,635,5,1,none,,DITTO_FILLED
강원특별자치도 > 남자 > 55 - 59세,2023,적용인구 (명),65501,,data,0,데이터,636,4,1,none,,DITTO_FILLED
강원특별자치도 > 남자 > 55 - 59세,2024,적용인구 (명),66487,,data,0,데이터,636,5,1,none,,DITTO_FILLED
강원특별자치도 > 남자 > 60 - 64세,2023,적용인구 (명),71190,,data,0,데이터,637,4,1,none,,DITTO_FILLED
강원특별자치도 > 남자 > 60 - 64세,2024,적용인구 (명),69960,,data,0,데이터,637,5,1,none,,DITTO_FILLED
강원특별자치도 > 남자 > 65 - 69세,2023,적용인구 (명),60984,,data,0,데이터,638,4,1,none,,DITTO_FILLED
강원특별자치도 > 남자 > 65 - 69세,2024,적용인구 (명),64206,,data,0,데이터,638,5,1,none,,DITTO_FILLED
강원특별자치도 > 남자 > 70 - 74세,2023,적용인구 (명),34887,,data,0,데이터,639,4,1,none,,DITTO_FILLED
강원특별자치도 > 남자 > 70 - 74세,2024,적용인구 (명),38821,,data,0,데이터,639,5,1,none,,DITTO_FILLED
강원특별자치도 > 남자 > 75 - 79세,2023,적용인구 (명),26940,,data,0,데이터,640,4,1,none,,DITTO_FILLED
강원특별자치도 > 남자 > 75 - 79세,2024,적용인구 (명),27156,,data,0,데이터,640,5,1,none,,DITTO_FILLED
강원특별자치도 > 남자 > 80 - 84세,2023,적용인구 (명),19779,,data,0,데이터,641,4,1,none,,DITTO_FILLED
강원특별자치도 > 남자 > 80 - 84세,2024,적용인구 (명),19921,,data,0,데이터,641,5,1,none,,DITTO_FILLED
강원특별자치도 > 남자 > 85세 이상,2023,적용인구 (명),11518,,data,0,데이터,642,4,1,none,,DITTO_FILLED
강원특별자치도 > 남자 > 85세 이상,2024,적용인구 (명),12740,,data,0,데이터,642,5,1,none,,DITTO_FILLED
강원특별자치도 > 여자 > 합계,2023,적용인구 (명),743053,,subtotal,0,데이터,643,4,1,none,,DITTO_FILLED
강원특별자치도 > 여자 > 합계,2024,적용인구 (명),739892,,subtotal,0,데이터,643,5,1,none,,DITTO_FILLED
강원특별자치도 > 여자 > 1 - 4세,2023,적용인구 (명),15486,,data,0,데이터,644,4,1,none,,DITTO_FILLED
강원특별자치도 > 여자 > 1 - 4세,2024,적용인구 (명),14543,,data,0,데이터,644,5,1,none,,DITTO_FILLED
강원특별자치도 > 여자 > 0세,2023,적용인구 (명),3265,,data,0,데이터,645,4,1,none,,DITTO_FILLED
강원특별자치도 > 여자 > 0세,2024,적용인구 (명),3243,,data,0,데이터,645,5,1,none,,DITTO_FILLED
강원특별자치도 > 여자 > 5 - 9세,2023,적용인구 (명),25234,,data,0,데이터,646,4,1,none,,DITTO_FILLED
강원특별자치도 > 여자 > 5 - 9세,2024,적용인구 (명),23908,,data,0,데이터,646,5,1,none,,DITTO_FILLED
강원특별자치도 > 여자 > 10 - 14세,2023,적용인구 (명),30016,,data,0,데이터,647,4,1,none,,DITTO_FILLED
강원특별자치도 > 여자 > 10 - 14세,2024,적용인구 (명),29547,,data,0,데이터,647,5,1,none,,DITTO_FILLED
강원특별자치도 > 여자 > 15 - 19세,2023,적용인구 (명),30671,,data,0,데이터,648,4,1,none,,DITTO_FILLED
강원특별자치도 > 여자 > 15 - 19세,2024,적용인구 (명),30240,,data,0,데이터,648,5,1,none,,DITTO_FILLED
강원특별자치도 > 여자 > 20 - 24세,2023,적용인구 (명),35937,,data,0,데이터,649,4,1,none,,DITTO_FILLED
강원특별자치도 > 여자 > 20 - 24세,2024,적용인구 (명),34295,,data,0,데이터,649,5,1,none,,DITTO_FILLED
강원특별자치도 > 여자 > 25 - 29세,2023,적용인구 (명),37714,,data,0,데이터,650,4,1,none,,DITTO_FILLED
강원특별자치도 > 여자 > 25 - 29세,2024,적용인구 (명),36897,,data,0,데이터,650,5,1,none,,DITTO_FILLED
강원특별자치도 > 여자 > 30 - 34세,2023,적용인구 (명),37910,,data,0,데이터,651,4,1,none,,DITTO_FILLED
강원특별자치도 > 여자 > 30 - 34세,2024,적용인구 (명),38337,,data,0,데이터,651,5,1,none,,DITTO_FILLED
강원특별자치도 > 여자 > 35 - 39세,2023,적용인구 (명),37475,,data,0,데이터,652,4,1,none,,DITTO_FILLED
강원특별자치도 > 여자 > 35 - 39세,2024,적용인구 (명),36851,,data,0,데이터,652,5,1,none,,DITTO_FILLED
강원특별자치도 > 여자 > 40 - 44세,2023,적용인구 (명),50353,,data,0,데이터,653,4,1,none,,DITTO_FILLED
강원특별자치도 > 여자 > 40 - 44세,2024,적용인구 (명),47884,,data,0,데이터,653,5,1,none,,DITTO_FILLED
강원특별자치도 > 여자 > 45 - 49세,2023,적용인구 (명),51497,,data,0,데이터,654,4,1,none,,DITTO_FILLED
강원특별자치도 > 여자 > 45 - 49세,2024,적용인구 (명),50273,,data,0,데이터,654,5,1,none,,DITTO_FILLED
강원특별자치도 > 여자 > 50 - 54세,2023,적용인구 (명),62191,,data,0,데이터,655,4,1,none,,DITTO_FILLED
강원특별자치도 > 여자 > 50 - 54세,2024,적용인구 (명),60877,,data,0,데이터,655,5,1,none,,DITTO_FILLED
강원특별자치도 > 여자 > 55 - 59세,2023,적용인구 (명),63187,,data,0,데이터,656,4,1,none,,DITTO_FILLED
강원특별자치도 > 여자 > 55 - 59세,2024,적용인구 (명),64072,,data,0,데이터,656,5,1,none,,DITTO_FILLED
강원특별자치도 > 여자 > 60 - 64세,2023,적용인구 (명),72251,,data,0,데이터,657,4,1,none,,DITTO_FILLED
강원특별자치도 > 여자 > 60 - 64세,2024,적용인구 (명),70048,,data,0,데이터,657,5,1,none,,DITTO_FILLED
강원특별자치도 > 여자 > 65 - 69세,2023,적용인구 (명),61162,,data,0,데이터,658,4,1,none,,DITTO_FILLED
강원특별자치도 > 여자 > 65 - 69세,2024,적용인구 (명),65228,,data,0,데이터,658,5,1,none,,DITTO_FILLED
강원특별자치도 > 여자 > 70 - 74세,2023,적용인구 (명),38554,,data,0,데이터,659,4,1,none,,DITTO_FILLED
강원특별자치도 > 여자 > 70 - 74세,2024,적용인구 (명),42065,,data,0,데이터,659,5,1,none,,DITTO_FILLED
강원특별자치도 > 여자 > 75 - 79세,2023,적용인구 (명),32949,,data,0,데이터,660,4,1,none,,DITTO_FILLED
강원특별자치도 > 여자 > 75 - 79세,2024,적용인구 (명),32515,,data,0,데이터,660,5,1,none,,DITTO_FILLED
강원특별자치도 > 여자 > 80 - 84세,2023,적용인구 (명),30639,,data,0,데이터,661,4,1,none,,DITTO_FILLED
강원특별자치도 > 여자 > 80 - 84세,2024,적용인구 (명),30415,,data,0,데이터,661,5,1,none,,DITTO_FILLED
강원특별자치도 > 여자 > 85세 이상,2023,적용인구 (명),26562,,data,0,데이터,662,4,1,none,,DITTO_FILLED
강원특별자치도 > 여자 > 85세 이상,2024,적용인구 (명),28654,,data,0,데이터,662,5,1,none,,DITTO_FILLED
충청북도 > 계 > 합계,2023,적용인구 (명),1604662,,subtotal,0,데이터,663,4,1,none,,
충청북도 > 계 > 합계,2024,적용인구 (명),1608460,,subtotal,0,데이터,663,5,1,none,,
충청북도 > 계 > 1 - 4세,2023,적용인구 (명),34413,,subtotal,0,데이터,664,4,1,none,,DITTO_FILLED
충청북도 > 계 > 1 - 4세,2024,적용인구 (명),33017,,subtotal,0,데이터,664,5,1,none,,DITTO_FILLED
충청북도 > 계 > 0세,2023,적용인구 (명),7559,,subtotal,0,데이터,665,4,1,none,,DITTO_FILLED
충청북도 > 계 > 0세,2024,적용인구 (명),7611,,subtotal,0,데이터,665,5,1,none,,DITTO_FILLED
충청북도 > 계 > 5 - 9세,2023,적용인구 (명),61761,,subtotal,0,데이터,666,4,1,none,,DITTO_FILLED
충청북도 > 계 > 5 - 9세,2024,적용인구 (명),57857,,subtotal,0,데이터,666,5,1,none,,DITTO_FILLED
충청북도 > 계 > 10 - 14세,2023,적용인구 (명),71520,,subtotal,0,데이터,667,4,1,none,,DITTO_FILLED
충청북도 > 계 > 10 - 14세,2024,적용인구 (명),71012,,subtotal,0,데이터,667,5,1,none,,DITTO_FILLED
충청북도 > 계 > 15 - 19세,2023,적용인구 (명),71017,,subtotal,0,데이터,668,4,1,none,,DITTO_FILLED
충청북도 > 계 > 15 - 19세,2024,적용인구 (명),70695,,subtotal,0,데이터,668,5,1,none,,DITTO_FILLED
충청북도 > 계 > 20 - 24세,2023,적용인구 (명),87215,,subtotal,0,데이터,669,4,1,none,,DITTO_FILLED
충청북도 > 계 > 20 - 24세,2024,적용인구 (명),85266,,subtotal,0,데이터,669,5,1,none,,DITTO_FILLED
충청북도 > 계 > 25 - 29세,2023,적용인구 (명),106650,,subtotal,0,데이터,670,4,1,none,,DITTO_FILLED
충청북도 > 계 > 25 - 29세,2024,적용인구 (명),104156,,subtotal,0,데이터,670,5,1,none,,DITTO_FILLED
충청북도 > 계 > 30 - 34세,2023,적용인구 (명),103689,,subtotal,0,데이터,671,4,1,none,,DITTO_FILLED
충청북도 > 계 > 30 - 34세,2024,적용인구 (명),107550,,subtotal,0,데이터,671,5,1,none,,DITTO_FILLED
충청북도 > 계 > 35 - 39세,2023,적용인구 (명),97222,,subtotal,0,데이터,672,4,1,none,,DITTO_FILLED
충청북도 > 계 > 35 - 39세,2024,적용인구 (명),96279,,subtotal,0,데이터,672,5,1,none,,DITTO_FILLED
충청북도 > 계 > 40 - 44세,2023,적용인구 (명),118865,,subtotal,0,데이터,673,4,1,none,,DITTO_FILLED
충청북도 > 계 > 40 - 44세,2024,적용인구 (명),115179,,subtotal,0,데이터,673,5,1,none,,DITTO_FILLED
충청북도 > 계 > 45 - 49세,2023,적용인구 (명),116043,,subtotal,0,데이터,674,4,1,none,,DITTO_FILLED
충청북도 > 계 > 45 - 49세,2024,적용인구 (명),114630,,subtotal,0,데이터,674,5,1,none,,DITTO_FILLED
충청북도 > 계 > 50 - 54세,2023,적용인구 (명),137191,,subtotal,0,데이터,675,4,1,none,,DITTO_FILLED
충청북도 > 계 > 50 - 54세,2024,적용인구 (명),134403,,subtotal,0,데이터,675,5,1,none,,DITTO_FILLED
충청북도 > 계 > 55 - 59세,2023,적용인구 (명),136102,,subtotal,0,데이터,676,4,1,none,,DITTO_FILLED
충청북도 > 계 > 55 - 59세,2024,적용인구 (명),140159,,subtotal,0,데이터,676,5,1,none,,DITTO_FILLED
충청북도 > 계 > 60 - 64세,2023,적용인구 (명),139411,,subtotal,0,데이터,677,4,1,none,,DITTO_FILLED
충청북도 > 계 > 60 - 64세,2024,적용인구 (명),138569,,subtotal,0,데이터,677,5,1,none,,DITTO_FILLED
충청북도 > 계 > 65 - 69세,2023,적용인구 (명),113900,,subtotal,0,데이터,678,4,1,none,,DITTO_FILLED
충청북도 > 계 > 65 - 69세,2024,적용인구 (명),120851,,subtotal,0,데이터,678,5,1,none,,DITTO_FILLED
충청북도 > 계 > 70 - 74세,2023,적용인구 (명),70389,,subtotal,0,데이터,679,4,1,none,,DITTO_FILLED
충청북도 > 계 > 70 - 74세,2024,적용인구 (명),76083,,subtotal,0,데이터,679,5,1,none,,DITTO_FILLED
충청북도 > 계 > 75 - 79세,2023,적용인구 (명),51534,,subtotal,0,데이터,680,4,1,none,,DITTO_FILLED
충청북도 > 계 > 75 - 79세,2024,적용인구 (명),53076,,subtotal,0,데이터,680,5,1,none,,DITTO_FILLED
충청북도 > 계 > 80 - 84세,2023,적용인구 (명),44463,,subtotal,0,데이터,681,4,1,none,,DITTO_FILLED
충청북도 > 계 > 80 - 84세,2024,적용인구 (명),43641,,subtotal,0,데이터,681,5,1,none,,DITTO_FILLED
충청북도 > 계 > 85세 이상,2023,적용인구 (명),35718,,subtotal,0,데이터,682,4,1,none,,DITTO_FILLED
충청북도 > 계 > 85세 이상,2024,적용인구 (명),38426,,subtotal,0,데이터,682,5,1,none,,DITTO_FILLED
충청북도 > 남자 > 합계,2023,적용인구 (명),823786,,subtotal,0,데이터,683,4,1,none,,DITTO_FILLED
충청북도 > 남자 > 합계,2024,적용인구 (명),827132,,subtotal,0,데이터,683,5,1,none,,DITTO_FILLED
충청북도 > 남자 > 1 - 4세,2023,적용인구 (명),17712,,data,0,데이터,684,4,1,none,,DITTO_FILLED
충청북도 > 남자 > 1 - 4세,2024,적용인구 (명),16900,,data,0,데이터,684,5,1,none,,DITTO_FILLED
충청북도 > 남자 > 0세,2023,적용인구 (명),3868,,data,0,데이터,685,4,1,none,,DITTO_FILLED
충청북도 > 남자 > 0세,2024,적용인구 (명),3967,,data,0,데이터,685,5,1,none,,DITTO_FILLED
충청북도 > 남자 > 5 - 9세,2023,적용인구 (명),31534,,data,0,데이터,686,4,1,none,,DITTO_FILLED
충청북도 > 남자 > 5 - 9세,2024,적용인구 (명),29744,,data,0,데이터,686,5,1,none,,DITTO_FILLED
충청북도 > 남자 > 10 - 14세,2023,적용인구 (명),36724,,data,0,데이터,687,4,1,none,,DITTO_FILLED
충청북도 > 남자 > 10 - 14세,2024,적용인구 (명),36245,,data,0,데이터,687,5,1,none,,DITTO_FILLED
충청북도 > 남자 > 15 - 19세,2023,적용인구 (명),37091,,data,0,데이터,688,4,1,none,,DITTO_FILLED
충청북도 > 남자 > 15 - 19세,2024,적용인구 (명),36897,,data,0,데이터,688,5,1,none,,DITTO_FILLED
충청북도 > 남자 > 20 - 24세,2023,적용인구 (명),48305,,data,0,데이터,689,4,1,none,,DITTO_FILLED
충청북도 > 남자 > 20 - 24세,2024,적용인구 (명),47583,,data,0,데이터,689,5,1,none,,DITTO_FILLED
충청북도 > 남자 > 25 - 29세,2023,적용인구 (명),61262,,data,0,데이터,690,4,1,none,,DITTO_FILLED
충청북도 > 남자 > 25 - 29세,2024,적용인구 (명),59644,,data,0,데이터,690,5,1,none,,DITTO_FILLED
충청북도 > 남자 > 30 - 34세,2023,적용인구 (명),59580,,data,0,데이터,691,4,1,none,,DITTO_FILLED
충청북도 > 남자 > 30 - 34세,2024,적용인구 (명),62160,,data,0,데이터,691,5,1,none,,DITTO_FILLED
충청북도 > 남자 > 35 - 39세,2023,적용인구 (명),52590,,data,0,데이터,692,4,1,none,,DITTO_FILLED
충청북도 > 남자 > 35 - 39세,2024,적용인구 (명),52444,,data,0,데이터,692,5,1,none,,DITTO_FILLED
충청북도 > 남자 > 40 - 44세,2023,적용인구 (명),62347,,data,0,데이터,693,4,1,none,,DITTO_FILLED
충청북도 > 남자 > 40 - 44세,2024,적용인구 (명),60686,,data,0,데이터,693,5,1,none,,DITTO_FILLED
충청북도 > 남자 > 45 - 49세,2023,적용인구 (명),60203,,data,0,데이터,694,4,1,none,,DITTO_FILLED
충청북도 > 남자 > 45 - 49세,2024,적용인구 (명),59630,,data,0,데이터,694,5,1,none,,DITTO_FILLED
충청북도 > 남자 > 50 - 54세,2023,적용인구 (명),70933,,data,0,데이터,695,4,1,none,,DITTO_FILLED
충청북도 > 남자 > 50 - 54세,2024,적용인구 (명),69743,,data,0,데이터,695,5,1,none,,DITTO_FILLED
충청북도 > 남자 > 55 - 59세,2023,적용인구 (명),69403,,data,0,데이터,696,4,1,none,,DITTO_FILLED
충청북도 > 남자 > 55 - 59세,2024,적용인구 (명),71205,,data,0,데이터,696,5,1,none,,DITTO_FILLED
충청북도 > 남자 > 60 - 64세,2023,적용인구 (명),70610,,data,0,데이터,697,4,1,none,,DITTO_FILLED
충청북도 > 남자 > 60 - 64세,2024,적용인구 (명),70476,,data,0,데이터,697,5,1,none,,DITTO_FILLED
충청북도 > 남자 > 65 - 69세,2023,적용인구 (명),56817,,data,0,데이터,698,4,1,none,,DITTO_FILLED
충청북도 > 남자 > 65 - 69세,2024,적용인구 (명),60250,,data,0,데이터,698,5,1,none,,DITTO_FILLED
충청북도 > 남자 > 70 - 74세,2023,적용인구 (명),33986,,data,0,데이터,699,4,1,none,,DITTO_FILLED
충청북도 > 남자 > 70 - 74세,2024,적용인구 (명),36719,,data,0,데이터,699,5,1,none,,DITTO_FILLED
충청북도 > 남자 > 75 - 79세,2023,적용인구 (명),23340,,data,0,데이터,700,4,1,none,,DITTO_FILLED
충청북도 > 남자 > 75 - 79세,2024,적용인구 (명),24532,,data,0,데이터,700,5,1,none,,DITTO_FILLED
충청북도 > 남자 > 80 - 84세,2023,적용인구 (명),17066,,data,0,데이터,701,4,1,none,,DITTO_FILLED
충청북도 > 남자 > 80 - 84세,2024,적용인구 (명),16906,,data,0,데이터,701,5,1,none,,DITTO_FILLED
충청북도 > 남자 > 85세 이상,2023,적용인구 (명),10415,,data,0,데이터,702,4,1,none,,DITTO_FILLED
충청북도 > 남자 > 85세 이상,2024,적용인구 (명),11401,,data,0,데이터,702,5,1,none,,DITTO_FILLED
충청북도 > 여자 > 합계,2023,적용인구 (명),780876,,subtotal,0,데이터,703,4,1,none,,DITTO_FILLED
충청북도 > 여자 > 합계,2024,적용인구 (명),781328,,subtotal,0,데이터,703,5,1,none,,DITTO_FILLED
충청북도 > 여자 > 1 - 4세,2023,적용인구 (명),16701,,data,0,데이터,704,4,1,none,,DITTO_FILLED
충청북도 > 여자 > 1 - 4세,2024,적용인구 (명),16117,,data,0,데이터,704,5,1,none,,DITTO_FILLED
충청북도 > 여자 > 0세,2023,적용인구 (명),3691,,data,0,데이터,705,4,1,none,,DITTO_FILLED
충청북도 > 여자 > 0세,2024,적용인구 (명),3644,,data,0,데이터,705,5,1,none,,DITTO_FILLED
충청북도 > 여자 > 5 - 9세,2023,적용인구 (명),30227,,data,0,데이터,706,4,1,none,,DITTO_FILLED
충청북도 > 여자 > 5 - 9세,2024,적용인구 (명),28113,,data,0,데이터,706,5,1,none,,DITTO_FILLED
충청북도 > 여자 > 10 - 14세,2023,적용인구 (명),34796,,data,0,데이터,707,4,1,none,,DITTO_FILLED
충청북도 > 여자 > 10 - 14세,2024,적용인구 (명),34767,,data,0,데이터,707,5,1,none,,DITTO_FILLED
충청북도 > 여자 > 15 - 19세,2023,적용인구 (명),33926,,data,0,데이터,708,4,1,none,,DITTO_FILLED
충청북도 > 여자 > 15 - 19세,2024,적용인구 (명),33798,,data,0,데이터,708,5,1,none,,DITTO_FILLED
충청북도 > 여자 > 20 - 24세,2023,적용인구 (명),38910,,data,0,데이터,709,4,1,none,,DITTO_FILLED
충청북도 > 여자 > 20 - 24세,2024,적용인구 (명),37683,,data,0,데이터,709,5,1,none,,DITTO_FILLED
충청북도 > 여자 > 25 - 29세,2023,적용인구 (명),45388,,data,0,데이터,710,4,1,none,,DITTO_FILLED
충청북도 > 여자 > 25 - 29세,2024,적용인구 (명),44512,,data,0,데이터,710,5,1,none,,DITTO_FILLED
충청북도 > 여자 > 30 - 34세,2023,적용인구 (명),44109,,data,0,데이터,711,4,1,none,,DITTO_FILLED
충청북도 > 여자 > 30 - 34세,2024,적용인구 (명),45390,,data,0,데이터,711,5,1,none,,DITTO_FILLED
충청북도 > 여자 > 35 - 39세,2023,적용인구 (명),44632,,data,0,데이터,712,4,1,none,,DITTO_FILLED
충청북도 > 여자 > 35 - 39세,2024,적용인구 (명),43835,,data,0,데이터,712,5,1,none,,DITTO_FILLED
충청북도 > 여자 > 40 - 44세,2023,적용인구 (명),56518,,data,0,데이터,713,4,1,none,,DITTO_FILLED
충청북도 > 여자 > 40 - 44세,2024,적용인구 (명),54493,,data,0,데이터,713,5,1,none,,DITTO_FILLED
충청북도 > 여자 > 45 - 49세,2023,적용인구 (명),55840,,data,0,데이터,714,4,1,none,,DITTO_FILLED
충청북도 > 여자 > 45 - 49세,2024,적용인구 (명),55000,,data,0,데이터,714,5,1,none,,DITTO_FILLED
충청북도 > 여자 > 50 - 54세,2023,적용인구 (명),66258,,data,0,데이터,715,4,1,none,,DITTO_FILLED
충청북도 > 여자 > 50 - 54세,2024,적용인구 (명),64660,,data,0,데이터,715,5,1,none,,DITTO_FILLED
충청북도 > 여자 > 55 - 59세,2023,적용인구 (명),66699,,data,0,데이터,716,4,1,none,,DITTO_FILLED
충청북도 > 여자 > 55 - 59세,2024,적용인구 (명),68954,,data,0,데이터,716,5,1,none,,DITTO_FILLED
충청북도 > 여자 > 60 - 64세,2023,적용인구 (명),68801,,data,0,데이터,717,4,1,none,,DITTO_FILLED
충청북도 > 여자 > 60 - 64세,2024,적용인구 (명),68093,,data,0,데이터,717,5,1,none,,DITTO_FILLED
충청북도 > 여자 > 65 - 69세,2023,적용인구 (명),57083,,data,0,데이터,718,4,1,none,,DITTO_FILLED
충청북도 > 여자 > 65 - 69세,2024,적용인구 (명),60601,,data,0,데이터,718,5,1,none,,DITTO_FILLED
충청북도 > 여자 > 70 - 74세,2023,적용인구 (명),36403,,data,0,데이터,719,4,1,none,,DITTO_FILLED
충청북도 > 여자 > 70 - 74세,2024,적용인구 (명),39364,,data,0,데이터,719,5,1,none,,DITTO_FILLED
충청북도 > 여자 > 75 - 79세,2023,적용인구 (명),28194,,data,0,데이터,720,4,1,none,,DITTO_FILLED
충청북도 > 여자 > 75 - 79세,2024,적용인구 (명),28544,,data,0,데이터,720,5,1,none,,DITTO_FILLED
충청북도 > 여자 > 80 - 84세,2023,적용인구 (명),27397,,data,0,데이터,721,4,1,none,,DITTO_FILLED
충청북도 > 여자 > 80 - 84세,2024,적용인구 (명),26735,,data,0,데이터,721,5,1,none,,DITTO_FILLED
충청북도 > 여자 > 85세 이상,2023,적용인구 (명),25303,,data,0,데이터,722,4,1,none,,DITTO_FILLED
충청북도 > 여자 > 85세 이상,2024,적용인구 (명),27025,,data,0,데이터,722,5,1,none,,DITTO_FILLED
충청남도 > 계 > 합계,2023,적용인구 (명),2176421,,subtotal,0,데이터,723,4,1,none,,
충청남도 > 계 > 합계,2024,적용인구 (명),2191589,,subtotal,0,데이터,723,5,1,none,,
충청남도 > 계 > 1 - 4세,2023,적용인구 (명),49003,,subtotal,0,데이터,724,4,1,none,,DITTO_FILLED
충청남도 > 계 > 1 - 4세,2024,적용인구 (명),45540,,subtotal,0,데이터,724,5,1,none,,DITTO_FILLED
충청남도 > 계 > 0세,2023,적용인구 (명),9531,,subtotal,0,데이터,725,4,1,none,,DITTO_FILLED
충청남도 > 계 > 0세,2024,적용인구 (명),9958,,subtotal,0,데이터,725,5,1,none,,DITTO_FILLED
충청남도 > 계 > 5 - 9세,2023,적용인구 (명),87533,,subtotal,0,데이터,726,4,1,none,,DITTO_FILLED
충청남도 > 계 > 5 - 9세,2024,적용인구 (명),82370,,subtotal,0,데이터,726,5,1,none,,DITTO_FILLED
충청남도 > 계 > 10 - 14세,2023,적용인구 (명),101790,,subtotal,0,데이터,727,4,1,none,,DITTO_FILLED
충청남도 > 계 > 10 - 14세,2024,적용인구 (명),101710,,subtotal,0,데이터,727,5,1,none,,DITTO_FILLED
충청남도 > 계 > 15 - 19세,2023,적용인구 (명),99412,,subtotal,0,데이터,728,4,1,none,,DITTO_FILLED
충청남도 > 계 > 15 - 19세,2024,적용인구 (명),99956,,subtotal,0,데이터,728,5,1,none,,DITTO_FILLED
충청남도 > 계 > 20 - 24세,2023,적용인구 (명),115283,,subtotal,0,데이터,729,4,1,none,,DITTO_FILLED
충청남도 > 계 > 20 - 24세,2024,적용인구 (명),114064,,subtotal,0,데이터,729,5,1,none,,DITTO_FILLED
충청남도 > 계 > 25 - 29세,2023,적용인구 (명),131765,,subtotal,0,데이터,730,4,1,none,,DITTO_FILLED
충청남도 > 계 > 25 - 29세,2024,적용인구 (명),131720,,subtotal,0,데이터,730,5,1,none,,DITTO_FILLED
충청남도 > 계 > 30 - 34세,2023,적용인구 (명),136787,,subtotal,0,데이터,731,4,1,none,,DITTO_FILLED
충청남도 > 계 > 30 - 34세,2024,적용인구 (명),140885,,subtotal,0,데이터,731,5,1,none,,DITTO_FILLED
충청남도 > 계 > 35 - 39세,2023,적용인구 (명),138763,,subtotal,0,데이터,732,4,1,none,,DITTO_FILLED
충청남도 > 계 > 35 - 39세,2024,적용인구 (명),138641,,subtotal,0,데이터,732,5,1,none,,DITTO_FILLED
충청남도 > 계 > 40 - 44세,2023,적용인구 (명),172650,,subtotal,0,데이터,733,4,1,none,,DITTO_FILLED
충청남도 > 계 > 40 - 44세,2024,적용인구 (명),168181,,subtotal,0,데이터,733,5,1,none,,DITTO_FILLED
충청남도 > 계 > 45 - 49세,2023,적용인구 (명),162329,,subtotal,0,데이터,734,4,1,none,,DITTO_FILLED
충청남도 > 계 > 45 - 49세,2024,적용인구 (명),162415,,subtotal,0,데이터,734,5,1,none,,DITTO_FILLED
충청남도 > 계 > 50 - 54세,2023,적용인구 (명),183301,,subtotal,0,데이터,735,4,1,none,,DITTO_FILLED
충청남도 > 계 > 50 - 54세,2024,적용인구 (명),182433,,subtotal,0,데이터,735,5,1,none,,DITTO_FILLED
충청남도 > 계 > 55 - 59세,2023,적용인구 (명),172480,,subtotal,0,데이터,736,4,1,none,,DITTO_FILLED
충청남도 > 계 > 55 - 59세,2024,적용인구 (명),176531,,subtotal,0,데이터,736,5,1,none,,DITTO_FILLED
충청남도 > 계 > 60 - 64세,2023,적용인구 (명),178987,,subtotal,0,데이터,737,4,1,none,,DITTO_FILLED
충청남도 > 계 > 60 - 64세,2024,적용인구 (명),180157,,subtotal,0,데이터,737,5,1,none,,DITTO_FILLED
충청남도 > 계 > 65 - 69세,2023,적용인구 (명),143310,,subtotal,0,데이터,738,4,1,none,,DITTO_FILLED
충청남도 > 계 > 65 - 69세,2024,적용인구 (명),152003,,subtotal,0,데이터,738,5,1,none,,DITTO_FILLED
충청남도 > 계 > 70 - 74세,2023,적용인구 (명),97918,,subtotal,0,데이터,739,4,1,none,,DITTO_FILLED
충청남도 > 계 > 70 - 74세,2024,적용인구 (명),103441,,subtotal,0,데이터,739,5,1,none,,DITTO_FILLED
충청남도 > 계 > 75 - 79세,2023,적용인구 (명),73554,,subtotal,0,데이터,740,4,1,none,,DITTO_FILLED
충청남도 > 계 > 75 - 79세,2024,적용인구 (명),77330,,subtotal,0,데이터,740,5,1,none,,DITTO_FILLED
충청남도 > 계 > 80 - 84세,2023,적용인구 (명),63944,,subtotal,0,데이터,741,4,1,none,,DITTO_FILLED
충청남도 > 계 > 80 - 84세,2024,적용인구 (명),62560,,subtotal,0,데이터,741,5,1,none,,DITTO_FILLED
충청남도 > 계 > 85세 이상,2023,적용인구 (명),58081,,subtotal,0,데이터,742,4,1,none,,DITTO_FILLED
충청남도 > 계 > 85세 이상,2024,적용인구 (명),61694,,subtotal,0,데이터,742,5,1,none,,DITTO_FILLED
충청남도 > 남자 > 합계,2023,적용인구 (명),1124211,,subtotal,0,데이터,743,4,1,none,,DITTO_FILLED
충청남도 > 남자 > 합계,2024,적용인구 (명),1134108,,subtotal,0,데이터,743,5,1,none,,DITTO_FILLED
충청남도 > 남자 > 1 - 4세,2023,적용인구 (명),25227,,data,0,데이터,744,4,1,none,,DITTO_FILLED
충청남도 > 남자 > 1 - 4세,2024,적용인구 (명),23386,,data,0,데이터,744,5,1,none,,DITTO_FILLED
충청남도 > 남자 > 0세,2023,적용인구 (명),4849,,data,0,데이터,745,4,1,none,,DITTO_FILLED
충청남도 > 남자 > 0세,2024,적용인구 (명),5150,,data,0,데이터,745,5,1,none,,DITTO_FILLED
충청남도 > 남자 > 5 - 9세,2023,적용인구 (명),44813,,data,0,데이터,746,4,1,none,,DITTO_FILLED
충청남도 > 남자 > 5 - 9세,2024,적용인구 (명),42233,,data,0,데이터,746,5,1,none,,DITTO_FILLED
충청남도 > 남자 > 10 - 14세,2023,적용인구 (명),52543,,data,0,데이터,747,4,1,none,,DITTO_FILLED
충청남도 > 남자 > 10 - 14세,2024,적용인구 (명),52390,,data,0,데이터,747,5,1,none,,DITTO_FILLED
충청남도 > 남자 > 15 - 19세,2023,적용인구 (명),51574,,data,0,데이터,748,4,1,none,,DITTO_FILLED
충청남도 > 남자 > 15 - 19세,2024,적용인구 (명),51784,,data,0,데이터,748,5,1,none,,DITTO_FILLED
충청남도 > 남자 > 20 - 24세,2023,적용인구 (명),62979,,data,0,데이터,749,4,1,none,,DITTO_FILLED
충청남도 > 남자 > 20 - 24세,2024,적용인구 (명),62555,,data,0,데이터,749,5,1,none,,DITTO_FILLED
충청남도 > 남자 > 25 - 29세,2023,적용인구 (명),76554,,data,0,데이터,750,4,1,none,,DITTO_FILLED
충청남도 > 남자 > 25 - 29세,2024,적용인구 (명),76249,,data,0,데이터,750,5,1,none,,DITTO_FILLED
충청남도 > 남자 > 30 - 34세,2023,적용인구 (명),77518,,data,0,데이터,751,4,1,none,,DITTO_FILLED
충청남도 > 남자 > 30 - 34세,2024,적용인구 (명),80773,,data,0,데이터,751,5,1,none,,DITTO_FILLED
충청남도 > 남자 > 35 - 39세,2023,적용인구 (명),75736,,data,0,데이터,752,4,1,none,,DITTO_FILLED
충청남도 > 남자 > 35 - 39세,2024,적용인구 (명),76235,,data,0,데이터,752,5,1,none,,DITTO_FILLED
충청남도 > 남자 > 40 - 44세,2023,적용인구 (명),92551,,data,0,데이터,753,4,1,none,,DITTO_FILLED
충청남도 > 남자 > 40 - 44세,2024,적용인구 (명),90382,,data,0,데이터,753,5,1,none,,DITTO_FILLED
충청남도 > 남자 > 45 - 49세,2023,적용인구 (명),86752,,data,0,데이터,754,4,1,none,,DITTO_FILLED
충청남도 > 남자 > 45 - 49세,2024,적용인구 (명),86578,,data,0,데이터,754,5,1,none,,DITTO_FILLED
충청남도 > 남자 > 50 - 54세,2023,적용인구 (명),98038,,data,0,데이터,755,4,1,none,,DITTO_FILLED
충청남도 > 남자 > 50 - 54세,2024,적용인구 (명),97806,,data,0,데이터,755,5,1,none,,DITTO_FILLED
충청남도 > 남자 > 55 - 59세,2023,적용인구 (명),90208,,data,0,데이터,756,4,1,none,,DITTO_FILLED
충청남도 > 남자 > 55 - 59세,2024,적용인구 (명),92230,,data,0,데이터,756,5,1,none,,DITTO_FILLED
충청남도 > 남자 > 60 - 64세,2023,적용인구 (명),91184,,data,0,데이터,757,4,1,none,,DITTO_FILLED
충청남도 > 남자 > 60 - 64세,2024,적용인구 (명),92262,,data,0,데이터,757,5,1,none,,DITTO_FILLED
충청남도 > 남자 > 65 - 69세,2023,적용인구 (명),70939,,data,0,데이터,758,4,1,none,,DITTO_FILLED
충청남도 > 남자 > 65 - 69세,2024,적용인구 (명),75494,,data,0,데이터,758,5,1,none,,DITTO_FILLED
충청남도 > 남자 > 70 - 74세,2023,적용인구 (명),46915,,data,0,데이터,759,4,1,none,,DITTO_FILLED
충청남도 > 남자 > 70 - 74세,2024,적용인구 (명),49483,,data,0,데이터,759,5,1,none,,DITTO_FILLED
충청남도 > 남자 > 75 - 79세,2023,적용인구 (명),33829,,data,0,데이터,760,4,1,none,,DITTO_FILLED
충청남도 > 남자 > 75 - 79세,2024,적용인구 (명),36205,,data,0,데이터,760,5,1,none,,DITTO_FILLED
충청남도 > 남자 > 80 - 84세,2023,적용인구 (명),24482,,data,0,데이터,761,4,1,none,,DITTO_FILLED
충청남도 > 남자 > 80 - 84세,2024,적용인구 (명),24297,,data,0,데이터,761,5,1,none,,DITTO_FILLED
충청남도 > 남자 > 85세 이상,2023,적용인구 (명),17520,,data,0,데이터,762,4,1,none,,DITTO_FILLED
충청남도 > 남자 > 85세 이상,2024,적용인구 (명),18616,,data,0,데이터,762,5,1,none,,DITTO_FILLED
충청남도 > 여자 > 합계,2023,적용인구 (명),1052210,,subtotal,0,데이터,763,4,1,none,,DITTO_FILLED
충청남도 > 여자 > 합계,2024,적용인구 (명),1057481,,subtotal,0,데이터,763,5,1,none,,DITTO_FILLED
충청남도 > 여자 > 1 - 4세,2023,적용인구 (명),23776,,data,0,데이터,764,4,1,none,,DITTO_FILLED
충청남도 > 여자 > 1 - 4세,2024,적용인구 (명),22154,,data,0,데이터,764,5,1,none,,DITTO_FILLED
충청남도 > 여자 > 0세,2023,적용인구 (명),4682,,data,0,데이터,765,4,1,none,,DITTO_FILLED
충청남도 > 여자 > 0세,2024,적용인구 (명),4808,,data,0,데이터,765,5,1,none,,DITTO_FILLED
충청남도 > 여자 > 5 - 9세,2023,적용인구 (명),42720,,data,0,데이터,766,4,1,none,,DITTO_FILLED
충청남도 > 여자 > 5 - 9세,2024,적용인구 (명),40137,,data,0,데이터,766,5,1,none,,DITTO_FILLED
충청남도 > 여자 > 10 - 14세,2023,적용인구 (명),49247,,data,0,데이터,767,4,1,none,,DITTO_FILLED
충청남도 > 여자 > 10 - 14세,2024,적용인구 (명),49320,,data,0,데이터,767,5,1,none,,DITTO_FILLED
충청남도 > 여자 > 15 - 19세,2023,적용인구 (명),47838,,data,0,데이터,768,4,1,none,,DITTO_FILLED
충청남도 > 여자 > 15 - 19세,2024,적용인구 (명),48172,,data,0,데이터,768,5,1,none,,DITTO_FILLED
충청남도 > 여자 > 20 - 24세,2023,적용인구 (명),52304,,data,0,데이터,769,4,1,none,,DITTO_FILLED
충청남도 > 여자 > 20 - 24세,2024,적용인구 (명),51509,,data,0,데이터,769,5,1,none,,DITTO_FILLED
충청남도 > 여자 > 25 - 29세,2023,적용인구 (명),55211,,data,0,데이터,770,4,1,none,,DITTO_FILLED
충청남도 > 여자 > 25 - 29세,2024,적용인구 (명),55471,,data,0,데이터,770,5,1,none,,DITTO_FILLED
충청남도 > 여자 > 30 - 34세,2023,적용인구 (명),59269,,data,0,데이터,771,4,1,none,,DITTO_FILLED
충청남도 > 여자 > 30 - 34세,2024,적용인구 (명),60112,,data,0,데이터,771,5,1,none,,DITTO_FILLED
충청남도 > 여자 > 35 - 39세,2023,적용인구 (명),63027,,data,0,데이터,772,4,1,none,,DITTO_FILLED
충청남도 > 여자 > 35 - 39세,2024,적용인구 (명),62406,,data,0,데이터,772,5,1,none,,DITTO_FILLED
충청남도 > 여자 > 40 - 44세,2023,적용인구 (명),80099,,data,0,데이터,773,4,1,none,,DITTO_FILLED
충청남도 > 여자 > 40 - 44세,2024,적용인구 (명),77799,,data,0,데이터,773,5,1,none,,DITTO_FILLED
충청남도 > 여자 > 45 - 49세,2023,적용인구 (명),75577,,data,0,데이터,774,4,1,none,,DITTO_FILLED
충청남도 > 여자 > 45 - 49세,2024,적용인구 (명),75837,,data,0,데이터,774,5,1,none,,DITTO_FILLED
충청남도 > 여자 > 50 - 54세,2023,적용인구 (명),85263,,data,0,데이터,775,4,1,none,,DITTO_FILLED
충청남도 > 여자 > 50 - 54세,2024,적용인구 (명),84627,,data,0,데이터,775,5,1,none,,DITTO_FILLED
충청남도 > 여자 > 55 - 59세,2023,적용인구 (명),82272,,data,0,데이터,776,4,1,none,,DITTO_FILLED
충청남도 > 여자 > 55 - 59세,2024,적용인구 (명),84301,,data,0,데이터,776,5,1,none,,DITTO_FILLED
충청남도 > 여자 > 60 - 64세,2023,적용인구 (명),87803,,data,0,데이터,777,4,1,none,,DITTO_FILLED
충청남도 > 여자 > 60 - 64세,2024,적용인구 (명),87895,,data,0,데이터,777,5,1,none,,DITTO_FILLED
충청남도 > 여자 > 65 - 69세,2023,적용인구 (명),72371,,data,0,데이터,778,4,1,none,,DITTO_FILLED
충청남도 > 여자 > 65 - 69세,2024,적용인구 (명),76509,,data,0,데이터,778,5,1,none,,DITTO_FILLED
충청남도 > 여자 > 70 - 74세,2023,적용인구 (명),51003,,data,0,데이터,779,4,1,none,,DITTO_FILLED
충청남도 > 여자 > 70 - 74세,2024,적용인구 (명),53958,,data,0,데이터,779,5,1,none,,DITTO_FILLED
충청남도 > 여자 > 75 - 79세,2023,적용인구 (명),39725,,data,0,데이터,780,4,1,none,,DITTO_FILLED
충청남도 > 여자 > 75 - 79세,2024,적용인구 (명),41125,,data,0,데이터,780,5,1,none,,DITTO_FILLED
충청남도 > 여자 > 80 - 84세,2023,적용인구 (명),39462,,data,0,데이터,781,4,1,none,,DITTO_FILLED
충청남도 > 여자 > 80 - 84세,2024,적용인구 (명),38263,,data,0,데이터,781,5,1,none,,DITTO_FILLED
충청남도 > 여자 > 85세 이상,2023,적용인구 (명),40561,,data,0,데이터,782,4,1,none,,DITTO_FILLED
충청남도 > 여자 > 85세 이상,2024,적용인구 (명),43078,,data,0,데이터,782,5,1,none,,DITTO_FILLED
전북특별자치도 > 계 > 합계,2023,적용인구 (명),1713688,,subtotal,0,데이터,783,4,1,none,,
전북특별자치도 > 계 > 합계,2024,적용인구 (명),1700973,,subtotal,0,데이터,783,5,1,none,,
전북특별자치도 > 계 > 1 - 4세,2023,적용인구 (명),32170,,subtotal,0,데이터,784,4,1,none,,DITTO_FILLED
전북특별자치도 > 계 > 1 - 4세,2024,적용인구 (명),29963,,subtotal,0,데이터,784,5,1,none,,DITTO_FILLED
전북특별자치도 > 계 > 0세,2023,적용인구 (명),6464,,subtotal,0,데이터,785,4,1,none,,DITTO_FILLED
전북특별자치도 > 계 > 0세,2024,적용인구 (명),6685,,subtotal,0,데이터,785,5,1,none,,DITTO_FILLED
전북특별자치도 > 계 > 5 - 9세,2023,적용인구 (명),62122,,subtotal,0,데이터,786,4,1,none,,DITTO_FILLED
전북특별자치도 > 계 > 5 - 9세,2024,적용인구 (명),57024,,subtotal,0,데이터,786,5,1,none,,DITTO_FILLED
전북특별자치도 > 계 > 10 - 14세,2023,적용인구 (명),77644,,subtotal,0,데이터,787,4,1,none,,DITTO_FILLED
전북특별자치도 > 계 > 10 - 14세,2024,적용인구 (명),76567,,subtotal,0,데이터,787,5,1,none,,DITTO_FILLED
전북특별자치도 > 계 > 15 - 19세,2023,적용인구 (명),80384,,subtotal,0,데이터,788,4,1,none,,DITTO_FILLED
전북특별자치도 > 계 > 15 - 19세,2024,적용인구 (명),78923,,subtotal,0,데이터,788,5,1,none,,DITTO_FILLED
전북특별자치도 > 계 > 20 - 24세,2023,적용인구 (명),96945,,subtotal,0,데이터,789,4,1,none,,DITTO_FILLED
전북특별자치도 > 계 > 20 - 24세,2024,적용인구 (명),92009,,subtotal,0,데이터,789,5,1,none,,DITTO_FILLED
전북특별자치도 > 계 > 25 - 29세,2023,적용인구 (명),101432,,subtotal,0,데이터,790,4,1,none,,DITTO_FILLED
전북특별자치도 > 계 > 25 - 29세,2024,적용인구 (명),98789,,subtotal,0,데이터,790,5,1,none,,DITTO_FILLED
전북특별자치도 > 계 > 30 - 34세,2023,적용인구 (명),91511,,subtotal,0,데이터,791,4,1,none,,DITTO_FILLED
전북특별자치도 > 계 > 30 - 34세,2024,적용인구 (명),94311,,subtotal,0,데이터,791,5,1,none,,DITTO_FILLED
전북특별자치도 > 계 > 35 - 39세,2023,적용인구 (명),88021,,subtotal,0,데이터,792,4,1,none,,DITTO_FILLED
전북특별자치도 > 계 > 35 - 39세,2024,적용인구 (명),85903,,subtotal,0,데이터,792,5,1,none,,DITTO_FILLED
전북특별자치도 > 계 > 40 - 44세,2023,적용인구 (명),117287,,subtotal,0,데이터,793,4,1,none,,DITTO_FILLED
전북특별자치도 > 계 > 40 - 44세,2024,적용인구 (명),112045,,subtotal,0,데이터,793,5,1,none,,DITTO_FILLED
전북특별자치도 > 계 > 45 - 49세,2023,적용인구 (명),124924,,subtotal,0,데이터,794,4,1,none,,DITTO_FILLED
전북특별자치도 > 계 > 45 - 49세,2024,적용인구 (명),120134,,subtotal,0,데이터,794,5,1,none,,DITTO_FILLED
전북특별자치도 > 계 > 50 - 54세,2023,적용인구 (명),148771,,subtotal,0,데이터,795,4,1,none,,DITTO_FILLED
전북특별자치도 > 계 > 50 - 54세,2024,적용인구 (명),147934,,subtotal,0,데이터,795,5,1,none,,DITTO_FILLED
전북특별자치도 > 계 > 55 - 59세,2023,적용인구 (명),143405,,subtotal,0,데이터,796,4,1,none,,DITTO_FILLED
전북특별자치도 > 계 > 55 - 59세,2024,적용인구 (명),145525,,subtotal,0,데이터,796,5,1,none,,DITTO_FILLED
전북특별자치도 > 계 > 60 - 64세,2023,적용인구 (명),148467,,subtotal,0,데이터,797,4,1,none,,DITTO_FILLED
전북특별자치도 > 계 > 60 - 64세,2024,적용인구 (명),146298,,subtotal,0,데이터,797,5,1,none,,DITTO_FILLED
전북특별자치도 > 계 > 65 - 69세,2023,적용인구 (명),122472,,subtotal,0,데이터,798,4,1,none,,DITTO_FILLED
전북특별자치도 > 계 > 65 - 69세,2024,적용인구 (명),128337,,subtotal,0,데이터,798,5,1,none,,DITTO_FILLED
전북특별자치도 > 계 > 70 - 74세,2023,적용인구 (명),89306,,subtotal,0,데이터,799,4,1,none,,DITTO_FILLED
전북특별자치도 > 계 > 70 - 74세,2024,적용인구 (명),92996,,subtotal,0,데이터,799,5,1,none,,DITTO_FILLED
전북특별자치도 > 계 > 75 - 79세,2023,적용인구 (명),71020,,subtotal,0,데이터,800,4,1,none,,DITTO_FILLED
전북특별자치도 > 계 > 75 - 79세,2024,적용인구 (명),74629,,subtotal,0,데이터,800,5,1,none,,DITTO_FILLED
전북특별자치도 > 계 > 80 - 84세,2023,적용인구 (명),60700,,subtotal,0,데이터,801,4,1,none,,DITTO_FILLED
전북특별자치도 > 계 > 80 - 84세,2024,적용인구 (명),59066,,subtotal,0,데이터,801,5,1,none,,DITTO_FILLED
전북특별자치도 > 계 > 85세 이상,2023,적용인구 (명),50643,,subtotal,0,데이터,802,4,1,none,,DITTO_FILLED
전북특별자치도 > 계 > 85세 이상,2024,적용인구 (명),53835,,subtotal,0,데이터,802,5,1,none,,DITTO_FILLED
전북특별자치도 > 남자 > 합계,2023,적용인구 (명),856870,,subtotal,0,데이터,803,4,1,none,,DITTO_FILLED
전북특별자치도 > 남자 > 합계,2024,적용인구 (명),851214,,subtotal,0,데이터,803,5,1,none,,DITTO_FILLED
전북특별자치도 > 남자 > 1 - 4세,2023,적용인구 (명),16279,,data,0,데이터,804,4,1,none,,DITTO_FILLED
전북특별자치도 > 남자 > 1 - 4세,2024,적용인구 (명),15158,,data,0,데이터,804,5,1,none,,DITTO_FILLED
전북특별자치도 > 남자 > 0세,2023,적용인구 (명),3285,,data,0,데이터,805,4,1,none,,DITTO_FILLED
전북특별자치도 > 남자 > 0세,2024,적용인구 (명),3417,,data,0,데이터,805,5,1,none,,DITTO_FILLED
전북특별자치도 > 남자 > 5 - 9세,2023,적용인구 (명),31928,,data,0,데이터,806,4,1,none,,DITTO_FILLED
전북특별자치도 > 남자 > 5 - 9세,2024,적용인구 (명),29270,,data,0,데이터,806,5,1,none,,DITTO_FILLED
전북특별자치도 > 남자 > 10 - 14세,2023,적용인구 (명),39871,,data,0,데이터,807,4,1,none,,DITTO_FILLED
전북특별자치도 > 남자 > 10 - 14세,2024,적용인구 (명),39411,,data,0,데이터,807,5,1,none,,DITTO_FILLED
전북특별자치도 > 남자 > 15 - 19세,2023,적용인구 (명),41837,,data,0,데이터,808,4,1,none,,DITTO_FILLED
전북특별자치도 > 남자 > 15 - 19세,2024,적용인구 (명),41165,,data,0,데이터,808,5,1,none,,DITTO_FILLED
전북특별자치도 > 남자 > 20 - 24세,2023,적용인구 (명),52595,,data,0,데이터,809,4,1,none,,DITTO_FILLED
전북특별자치도 > 남자 > 20 - 24세,2024,적용인구 (명),50195,,data,0,데이터,809,5,1,none,,DITTO_FILLED
전북특별자치도 > 남자 > 25 - 29세,2023,적용인구 (명),55945,,data,0,데이터,810,4,1,none,,DITTO_FILLED
전북특별자치도 > 남자 > 25 - 29세,2024,적용인구 (명),54515,,data,0,데이터,810,5,1,none,,DITTO_FILLED
전북특별자치도 > 남자 > 30 - 34세,2023,적용인구 (명),49267,,data,0,데이터,811,4,1,none,,DITTO_FILLED
전북특별자치도 > 남자 > 30 - 34세,2024,적용인구 (명),51009,,data,0,데이터,811,5,1,none,,DITTO_FILLED
전북특별자치도 > 남자 > 35 - 39세,2023,적용인구 (명),45495,,data,0,데이터,812,4,1,none,,DITTO_FILLED
전북특별자치도 > 남자 > 35 - 39세,2024,적용인구 (명),44763,,data,0,데이터,812,5,1,none,,DITTO_FILLED
전북특별자치도 > 남자 > 40 - 44세,2023,적용인구 (명),60274,,data,0,데이터,813,4,1,none,,DITTO_FILLED
전북특별자치도 > 남자 > 40 - 44세,2024,적용인구 (명),57492,,data,0,데이터,813,5,1,none,,DITTO_FILLED
전북특별자치도 > 남자 > 45 - 49세,2023,적용인구 (명),64309,,data,0,데이터,814,4,1,none,,DITTO_FILLED
전북특별자치도 > 남자 > 45 - 49세,2024,적용인구 (명),61724,,data,0,데이터,814,5,1,none,,DITTO_FILLED
전북특별자치도 > 남자 > 50 - 54세,2023,적용인구 (명),77488,,data,0,데이터,815,4,1,none,,DITTO_FILLED
전북특별자치도 > 남자 > 50 - 54세,2024,적용인구 (명),76884,,data,0,데이터,815,5,1,none,,DITTO_FILLED
전북특별자치도 > 남자 > 55 - 59세,2023,적용인구 (명),73593,,data,0,데이터,816,4,1,none,,DITTO_FILLED
전북특별자치도 > 남자 > 55 - 59세,2024,적용인구 (명),74712,,data,0,데이터,816,5,1,none,,DITTO_FILLED
전북특별자치도 > 남자 > 60 - 64세,2023,적용인구 (명),73849,,data,0,데이터,817,4,1,none,,DITTO_FILLED
전북특별자치도 > 남자 > 60 - 64세,2024,적용인구 (명),73205,,data,0,데이터,817,5,1,none,,DITTO_FILLED
전북특별자치도 > 남자 > 65 - 69세,2023,적용인구 (명),59767,,data,0,데이터,818,4,1,none,,DITTO_FILLED
전북특별자치도 > 남자 > 65 - 69세,2024,적용인구 (명),62699,,data,0,데이터,818,5,1,none,,DITTO_FILLED
전북특별자치도 > 남자 > 70 - 74세,2023,적용인구 (명),41969,,data,0,데이터,819,4,1,none,,DITTO_FILLED
전북특별자치도 > 남자 > 70 - 74세,2024,적용인구 (명),43959,,data,0,데이터,819,5,1,none,,DITTO_FILLED
전북특별자치도 > 남자 > 75 - 79세,2023,적용인구 (명),31677,,data,0,데이터,820,4,1,none,,DITTO_FILLED
전북특별자치도 > 남자 > 75 - 79세,2024,적용인구 (명),33414,,data,0,데이터,820,5,1,none,,DITTO_FILLED
전북특별자치도 > 남자 > 80 - 84세,2023,적용인구 (명),22661,,data,0,데이터,821,4,1,none,,DITTO_FILLED
전북특별자치도 > 남자 > 80 - 84세,2024,적용인구 (명),22356,,data,0,데이터,821,5,1,none,,DITTO_FILLED
전북특별자치도 > 남자 > 85세 이상,2023,적용인구 (명),14781,,data,0,데이터,822,4,1,none,,DITTO_FILLED
전북특별자치도 > 남자 > 85세 이상,2024,적용인구 (명),15866,,data,0,데이터,822,5,1,none,,DITTO_FILLED
전북특별자치도 > 여자 > 합계,2023,적용인구 (명),856818,,subtotal,0,데이터,823,4,1,none,,DITTO_FILLED
전북특별자치도 > 여자 > 합계,2024,적용인구 (명),849759,,subtotal,0,데이터,823,5,1,none,,DITTO_FILLED
전북특별자치도 > 여자 > 1 - 4세,2023,적용인구 (명),15891,,data,0,데이터,824,4,1,none,,DITTO_FILLED
전북특별자치도 > 여자 > 1 - 4세,2024,적용인구 (명),14805,,data,0,데이터,824,5,1,none,,DITTO_FILLED
전북특별자치도 > 여자 > 0세,2023,적용인구 (명),3179,,data,0,데이터,825,4,1,none,,DITTO_FILLED
전북특별자치도 > 여자 > 0세,2024,적용인구 (명),3268,,data,0,데이터,825,5,1,none,,DITTO_FILLED
전북특별자치도 > 여자 > 5 - 9세,2023,적용인구 (명),30194,,data,0,데이터,826,4,1,none,,DITTO_FILLED
전북특별자치도 > 여자 > 5 - 9세,2024,적용인구 (명),27754,,data,0,데이터,826,5,1,none,,DITTO_FILLED
전북특별자치도 > 여자 > 10 - 14세,2023,적용인구 (명),37773,,data,0,데이터,827,4,1,none,,DITTO_FILLED
전북특별자치도 > 여자 > 10 - 14세,2024,적용인구 (명),37156,,data,0,데이터,827,5,1,none,,DITTO_FILLED
전북특별자치도 > 여자 > 15 - 19세,2023,적용인구 (명),38547,,data,0,데이터,828,4,1,none,,DITTO_FILLED
전북특별자치도 > 여자 > 15 - 19세,2024,적용인구 (명),37758,,data,0,데이터,828,5,1,none,,DITTO_FILLED
전북특별자치도 > 여자 > 20 - 24세,2023,적용인구 (명),44350,,data,0,데이터,829,4,1,none,,DITTO_FILLED
전북특별자치도 > 여자 > 20 - 24세,2024,적용인구 (명),41814,,data,0,데이터,829,5,1,none,,DITTO_FILLED
전북특별자치도 > 여자 > 25 - 29세,2023,적용인구 (명),45487,,data,0,데이터,830,4,1,none,,DITTO_FILLED
전북특별자치도 > 여자 > 25 - 29세,2024,적용인구 (명),44274,,data,0,데이터,830,5,1,none,,DITTO_FILLED
전북특별자치도 > 여자 > 30 - 34세,2023,적용인구 (명),42244,,data,0,데이터,831,4,1,none,,DITTO_FILLED
전북특별자치도 > 여자 > 30 - 34세,2024,적용인구 (명),43302,,data,0,데이터,831,5,1,none,,DITTO_FILLED
전북특별자치도 > 여자 > 35 - 39세,2023,적용인구 (명),42526,,data,0,데이터,832,4,1,none,,DITTO_FILLED
전북특별자치도 > 여자 > 35 - 39세,2024,적용인구 (명),41140,,data,0,데이터,832,5,1,none,,DITTO_FILLED
전북특별자치도 > 여자 > 40 - 44세,2023,적용인구 (명),57013,,data,0,데이터,833,4,1,none,,DITTO_FILLED
전북특별자치도 > 여자 > 40 - 44세,2024,적용인구 (명),54553,,data,0,데이터,833,5,1,none,,DITTO_FILLED
전북특별자치도 > 여자 > 45 - 49세,2023,적용인구 (명),60615,,data,0,데이터,834,4,1,none,,DITTO_FILLED
전북특별자치도 > 여자 > 45 - 49세,2024,적용인구 (명),58410,,data,0,데이터,834,5,1,none,,DITTO_FILLED
전북특별자치도 > 여자 > 50 - 54세,2023,적용인구 (명),71283,,data,0,데이터,835,4,1,none,,DITTO_FILLED
전북특별자치도 > 여자 > 50 - 54세,2024,적용인구 (명),71050,,data,0,데이터,835,5,1,none,,DITTO_FILLED
전북특별자치도 > 여자 > 55 - 59세,2023,적용인구 (명),69812,,data,0,데이터,836,4,1,none,,DITTO_FILLED
전북특별자치도 > 여자 > 55 - 59세,2024,적용인구 (명),70813,,data,0,데이터,836,5,1,none,,DITTO_FILLED
전북특별자치도 > 여자 > 60 - 64세,2023,적용인구 (명),74618,,data,0,데이터,837,4,1,none,,DITTO_FILLED
전북특별자치도 > 여자 > 60 - 64세,2024,적용인구 (명),73093,,data,0,데이터,837,5,1,none,,DITTO_FILLED
전북특별자치도 > 여자 > 65 - 69세,2023,적용인구 (명),62705,,data,0,데이터,838,4,1,none,,DITTO_FILLED
전북특별자치도 > 여자 > 65 - 69세,2024,적용인구 (명),65638,,data,0,데이터,838,5,1,none,,DITTO_FILLED
전북특별자치도 > 여자 > 70 - 74세,2023,적용인구 (명),47337,,data,0,데이터,839,4,1,none,,DITTO_FILLED
전북특별자치도 > 여자 > 70 - 74세,2024,적용인구 (명),49037,,data,0,데이터,839,5,1,none,,DITTO_FILLED
전북특별자치도 > 여자 > 75 - 79세,2023,적용인구 (명),39343,,data,0,데이터,840,4,1,none,,DITTO_FILLED
전북특별자치도 > 여자 > 75 - 79세,2024,적용인구 (명),41215,,data,0,데이터,840,5,1,none,,DITTO_FILLED
전북특별자치도 > 여자 > 80 - 84세,2023,적용인구 (명),38039,,data,0,데이터,841,4,1,none,,DITTO_FILLED
전북특별자치도 > 여자 > 80 - 84세,2024,적용인구 (명),36710,,data,0,데이터,841,5,1,none,,DITTO_FILLED
전북특별자치도 > 여자 > 85세 이상,2023,적용인구 (명),35862,,data,0,데이터,842,4,1,none,,DITTO_FILLED
전북특별자치도 > 여자 > 85세 이상,2024,적용인구 (명),37969,,data,0,데이터,842,5,1,none,,DITTO_FILLED
전라남도 > 계 > 합계,2023,적용인구 (명),1783143,,subtotal,0,데이터,843,4,1,none,,
전라남도 > 계 > 합계,2024,적용인구 (명),1772985,,subtotal,0,데이터,843,5,1,none,,
전라남도 > 계 > 1 - 4세,2023,적용인구 (명),35790,,subtotal,0,데이터,844,4,1,none,,DITTO_FILLED
전라남도 > 계 > 1 - 4세,2024,적용인구 (명),33285,,subtotal,0,데이터,844,5,1,none,,DITTO_FILLED
전라남도 > 계 > 0세,2023,적용인구 (명),7637,,subtotal,0,데이터,845,4,1,none,,DITTO_FILLED
전라남도 > 계 > 0세,2024,적용인구 (명),8059,,subtotal,0,데이터,845,5,1,none,,DITTO_FILLED
전라남도 > 계 > 5 - 9세,2023,적용인구 (명),62969,,subtotal,0,데이터,846,4,1,none,,DITTO_FILLED
전라남도 > 계 > 5 - 9세,2024,적용인구 (명),58932,,subtotal,0,데이터,846,5,1,none,,DITTO_FILLED
전라남도 > 계 > 10 - 14세,2023,적용인구 (명),77327,,subtotal,0,데이터,847,4,1,none,,DITTO_FILLED
전라남도 > 계 > 10 - 14세,2024,적용인구 (명),76247,,subtotal,0,데이터,847,5,1,none,,DITTO_FILLED
전라남도 > 계 > 15 - 19세,2023,적용인구 (명),77177,,subtotal,0,데이터,848,4,1,none,,DITTO_FILLED
전라남도 > 계 > 15 - 19세,2024,적용인구 (명),76001,,subtotal,0,데이터,848,5,1,none,,DITTO_FILLED
전라남도 > 계 > 20 - 24세,2023,적용인구 (명),89595,,subtotal,0,데이터,849,4,1,none,,DITTO_FILLED
전라남도 > 계 > 20 - 24세,2024,적용인구 (명),84057,,subtotal,0,데이터,849,5,1,none,,DITTO_FILLED
전라남도 > 계 > 25 - 29세,2023,적용인구 (명),98709,,subtotal,0,데이터,850,4,1,none,,DITTO_FILLED
전라남도 > 계 > 25 - 29세,2024,적용인구 (명),97333,,subtotal,0,데이터,850,5,1,none,,DITTO_FILLED
전라남도 > 계 > 30 - 34세,2023,적용인구 (명),90929,,subtotal,0,데이터,851,4,1,none,,DITTO_FILLED
전라남도 > 계 > 30 - 34세,2024,적용인구 (명),94618,,subtotal,0,데이터,851,5,1,none,,DITTO_FILLED
전라남도 > 계 > 35 - 39세,2023,적용인구 (명),89070,,subtotal,0,데이터,852,4,1,none,,DITTO_FILLED
전라남도 > 계 > 35 - 39세,2024,적용인구 (명),87574,,subtotal,0,데이터,852,5,1,none,,DITTO_FILLED
전라남도 > 계 > 40 - 44세,2023,적용인구 (명),119402,,subtotal,0,데이터,853,4,1,none,,DITTO_FILLED
전라남도 > 계 > 40 - 44세,2024,적용인구 (명),114160,,subtotal,0,데이터,853,5,1,none,,DITTO_FILLED
전라남도 > 계 > 45 - 49세,2023,적용인구 (명),121631,,subtotal,0,데이터,854,4,1,none,,DITTO_FILLED
전라남도 > 계 > 45 - 49세,2024,적용인구 (명),119574,,subtotal,0,데이터,854,5,1,none,,DITTO_FILLED
전라남도 > 계 > 50 - 54세,2023,적용인구 (명),149926,,subtotal,0,데이터,855,4,1,none,,DITTO_FILLED
전라남도 > 계 > 50 - 54세,2024,적용인구 (명),147209,,subtotal,0,데이터,855,5,1,none,,DITTO_FILLED
전라남도 > 계 > 55 - 59세,2023,적용인구 (명),155156,,subtotal,0,데이터,856,4,1,none,,DITTO_FILLED
전라남도 > 계 > 55 - 59세,2024,적용인구 (명),156017,,subtotal,0,데이터,856,5,1,none,,DITTO_FILLED
전라남도 > 계 > 60 - 64세,2023,적용인구 (명),162822,,subtotal,0,데이터,857,4,1,none,,DITTO_FILLED
전라남도 > 계 > 60 - 64세,2024,적용인구 (명),160206,,subtotal,0,데이터,857,5,1,none,,DITTO_FILLED
전라남도 > 계 > 65 - 69세,2023,적용인구 (명),131774,,subtotal,0,데이터,858,4,1,none,,DITTO_FILLED
전라남도 > 계 > 65 - 69세,2024,적용인구 (명),140407,,subtotal,0,데이터,858,5,1,none,,DITTO_FILLED
전라남도 > 계 > 70 - 74세,2023,적용인구 (명),98568,,subtotal,0,데이터,859,4,1,none,,DITTO_FILLED
전라남도 > 계 > 70 - 74세,2024,적용인구 (명),100496,,subtotal,0,데이터,859,5,1,none,,DITTO_FILLED
전라남도 > 계 > 75 - 79세,2023,적용인구 (명),81240,,subtotal,0,데이터,860,4,1,none,,DITTO_FILLED
전라남도 > 계 > 75 - 79세,2024,적용인구 (명),84273,,subtotal,0,데이터,860,5,1,none,,DITTO_FILLED
전라남도 > 계 > 80 - 84세,2023,적용인구 (명),74485,,subtotal,0,데이터,861,4,1,none,,DITTO_FILLED
전라남도 > 계 > 80 - 84세,2024,적용인구 (명),71787,,subtotal,0,데이터,861,5,1,none,,DITTO_FILLED
전라남도 > 계 > 85세 이상,2023,적용인구 (명),58936,,subtotal,0,데이터,862,4,1,none,,DITTO_FILLED
전라남도 > 계 > 85세 이상,2024,적용인구 (명),62750,,subtotal,0,데이터,862,5,1,none,,DITTO_FILLED
전라남도 > 남자 > 합계,2023,적용인구 (명),905055,,subtotal,0,데이터,863,4,1,none,,DITTO_FILLED
전라남도 > 남자 > 합계,2024,적용인구 (명),901611,,subtotal,0,데이터,863,5,1,none,,DITTO_FILLED
전라남도 > 남자 > 1 - 4세,2023,적용인구 (명),18175,,data,0,데이터,864,4,1,none,,DITTO_FILLED
전라남도 > 남자 > 1 - 4세,2024,적용인구 (명),16909,,data,0,데이터,864,5,1,none,,DITTO_FILLED
전라남도 > 남자 > 0세,2023,적용인구 (명),3864,,data,0,데이터,865,4,1,none,,DITTO_FILLED
전라남도 > 남자 > 0세,2024,적용인구 (명),4069,,data,0,데이터,865,5,1,none,,DITTO_FILLED
전라남도 > 남자 > 5 - 9세,2023,적용인구 (명),32308,,data,0,데이터,866,4,1,none,,DITTO_FILLED
전라남도 > 남자 > 5 - 9세,2024,적용인구 (명),30205,,data,0,데이터,866,5,1,none,,DITTO_FILLED
전라남도 > 남자 > 10 - 14세,2023,적용인구 (명),39541,,data,0,데이터,867,4,1,none,,DITTO_FILLED
전라남도 > 남자 > 10 - 14세,2024,적용인구 (명),38975,,data,0,데이터,867,5,1,none,,DITTO_FILLED
전라남도 > 남자 > 15 - 19세,2023,적용인구 (명),40035,,data,0,데이터,868,4,1,none,,DITTO_FILLED
전라남도 > 남자 > 15 - 19세,2024,적용인구 (명),39211,,data,0,데이터,868,5,1,none,,DITTO_FILLED
전라남도 > 남자 > 20 - 24세,2023,적용인구 (명),50978,,data,0,데이터,869,4,1,none,,DITTO_FILLED
전라남도 > 남자 > 20 - 24세,2024,적용인구 (명),48015,,data,0,데이터,869,5,1,none,,DITTO_FILLED
전라남도 > 남자 > 25 - 29세,2023,적용인구 (명),57092,,data,0,데이터,870,4,1,none,,DITTO_FILLED
전라남도 > 남자 > 25 - 29세,2024,적용인구 (명),56537,,data,0,데이터,870,5,1,none,,DITTO_FILLED
전라남도 > 남자 > 30 - 34세,2023,적용인구 (명),50253,,data,0,데이터,871,4,1,none,,DITTO_FILLED
전라남도 > 남자 > 30 - 34세,2024,적용인구 (명),53054,,data,0,데이터,871,5,1,none,,DITTO_FILLED
전라남도 > 남자 > 35 - 39세,2023,적용인구 (명),47234,,data,0,데이터,872,4,1,none,,DITTO_FILLED
전라남도 > 남자 > 35 - 39세,2024,적용인구 (명),46705,,data,0,데이터,872,5,1,none,,DITTO_FILLED
전라남도 > 남자 > 40 - 44세,2023,적용인구 (명),63267,,data,0,데이터,873,4,1,none,,DITTO_FILLED
전라남도 > 남자 > 40 - 44세,2024,적용인구 (명),60678,,data,0,데이터,873,5,1,none,,DITTO_FILLED
전라남도 > 남자 > 45 - 49세,2023,적용인구 (명),64920,,data,0,데이터,874,4,1,none,,DITTO_FILLED
전라남도 > 남자 > 45 - 49세,2024,적용인구 (명),63330,,data,0,데이터,874,5,1,none,,DITTO_FILLED
전라남도 > 남자 > 50 - 54세,2023,적용인구 (명),80351,,data,0,데이터,875,4,1,none,,DITTO_FILLED
전라남도 > 남자 > 50 - 54세,2024,적용인구 (명),78865,,data,0,데이터,875,5,1,none,,DITTO_FILLED
전라남도 > 남자 > 55 - 59세,2023,적용인구 (명),82767,,data,0,데이터,876,4,1,none,,DITTO_FILLED
전라남도 > 남자 > 55 - 59세,2024,적용인구 (명),83359,,data,0,데이터,876,5,1,none,,DITTO_FILLED
전라남도 > 남자 > 60 - 64세,2023,적용인구 (명),83509,,data,0,데이터,877,4,1,none,,DITTO_FILLED
전라남도 > 남자 > 60 - 64세,2024,적용인구 (명),82709,,data,0,데이터,877,5,1,none,,DITTO_FILLED
전라남도 > 남자 > 65 - 69세,2023,적용인구 (명),66095,,data,0,데이터,878,4,1,none,,DITTO_FILLED
전라남도 > 남자 > 65 - 69세,2024,적용인구 (명),70505,,data,0,데이터,878,5,1,none,,DITTO_FILLED
전라남도 > 남자 > 70 - 74세,2023,적용인구 (명),47093,,data,0,데이터,879,4,1,none,,DITTO_FILLED
전라남도 > 남자 > 70 - 74세,2024,적용인구 (명),48127,,data,0,데이터,879,5,1,none,,DITTO_FILLED
전라남도 > 남자 > 75 - 79세,2023,적용인구 (명),35421,,data,0,데이터,880,4,1,none,,DITTO_FILLED
전라남도 > 남자 > 75 - 79세,2024,적용인구 (명),37564,,data,0,데이터,880,5,1,none,,DITTO_FILLED
전라남도 > 남자 > 80 - 84세,2023,적용인구 (명),26667,,data,0,데이터,881,4,1,none,,DITTO_FILLED
전라남도 > 남자 > 80 - 84세,2024,적용인구 (명),26017,,data,0,데이터,881,5,1,none,,DITTO_FILLED
전라남도 > 남자 > 85세 이상,2023,적용인구 (명),15485,,data,0,데이터,882,4,1,none,,DITTO_FILLED
전라남도 > 남자 > 85세 이상,2024,적용인구 (명),16777,,data,0,데이터,882,5,1,none,,DITTO_FILLED
전라남도 > 여자 > 합계,2023,적용인구 (명),878088,,subtotal,0,데이터,883,4,1,none,,DITTO_FILLED
전라남도 > 여자 > 합계,2024,적용인구 (명),871374,,subtotal,0,데이터,883,5,1,none,,DITTO_FILLED
전라남도 > 여자 > 1 - 4세,2023,적용인구 (명),17615,,data,0,데이터,884,4,1,none,,DITTO_FILLED
전라남도 > 여자 > 1 - 4세,2024,적용인구 (명),16376,,data,0,데이터,884,5,1,none,,DITTO_FILLED
전라남도 > 여자 > 0세,2023,적용인구 (명),3773,,data,0,데이터,885,4,1,none,,DITTO_FILLED
전라남도 > 여자 > 0세,2024,적용인구 (명),3990,,data,0,데이터,885,5,1,none,,DITTO_FILLED
전라남도 > 여자 > 5 - 9세,2023,적용인구 (명),30661,,data,0,데이터,886,4,1,none,,DITTO_FILLED
전라남도 > 여자 > 5 - 9세,2024,적용인구 (명),28727,,data,0,데이터,886,5,1,none,,DITTO_FILLED
전라남도 > 여자 > 10 - 14세,2023,적용인구 (명),37786,,data,0,데이터,887,4,1,none,,DITTO_FILLED
전라남도 > 여자 > 10 - 14세,2024,적용인구 (명),37272,,data,0,데이터,887,5,1,none,,DITTO_FILLED
전라남도 > 여자 > 15 - 19세,2023,적용인구 (명),37142,,data,0,데이터,888,4,1,none,,DITTO_FILLED
전라남도 > 여자 > 15 - 19세,2024,적용인구 (명),36790,,data,0,데이터,888,5,1,none,,DITTO_FILLED
전라남도 > 여자 > 20 - 24세,2023,적용인구 (명),38617,,data,0,데이터,889,4,1,none,,DITTO_FILLED
전라남도 > 여자 > 20 - 24세,2024,적용인구 (명),36042,,data,0,데이터,889,5,1,none,,DITTO_FILLED
전라남도 > 여자 > 25 - 29세,2023,적용인구 (명),41617,,data,0,데이터,890,4,1,none,,DITTO_FILLED
전라남도 > 여자 > 25 - 29세,2024,적용인구 (명),40796,,data,0,데이터,890,5,1,none,,DITTO_FILLED
전라남도 > 여자 > 30 - 34세,2023,적용인구 (명),40676,,data,0,데이터,891,4,1,none,,DITTO_FILLED
전라남도 > 여자 > 30 - 34세,2024,적용인구 (명),41564,,data,0,데이터,891,5,1,none,,DITTO_FILLED
전라남도 > 여자 > 35 - 39세,2023,적용인구 (명),41836,,data,0,데이터,892,4,1,none,,DITTO_FILLED
전라남도 > 여자 > 35 - 39세,2024,적용인구 (명),40869,,data,0,데이터,892,5,1,none,,DITTO_FILLED
전라남도 > 여자 > 40 - 44세,2023,적용인구 (명),56135,,data,0,데이터,893,4,1,none,,DITTO_FILLED
전라남도 > 여자 > 40 - 44세,2024,적용인구 (명),53482,,data,0,데이터,893,5,1,none,,DITTO_FILLED
전라남도 > 여자 > 45 - 49세,2023,적용인구 (명),56711,,data,0,데이터,894,4,1,none,,DITTO_FILLED
전라남도 > 여자 > 45 - 49세,2024,적용인구 (명),56244,,data,0,데이터,894,5,1,none,,DITTO_FILLED
전라남도 > 여자 > 50 - 54세,2023,적용인구 (명),69575,,data,0,데이터,895,4,1,none,,DITTO_FILLED
전라남도 > 여자 > 50 - 54세,2024,적용인구 (명),68344,,data,0,데이터,895,5,1,none,,DITTO_FILLED
전라남도 > 여자 > 55 - 59세,2023,적용인구 (명),72389,,data,0,데이터,896,4,1,none,,DITTO_FILLED
전라남도 > 여자 > 55 - 59세,2024,적용인구 (명),72658,,data,0,데이터,896,5,1,none,,DITTO_FILLED
전라남도 > 여자 > 60 - 64세,2023,적용인구 (명),79313,,data,0,데이터,897,4,1,none,,DITTO_FILLED
전라남도 > 여자 > 60 - 64세,2024,적용인구 (명),77497,,data,0,데이터,897,5,1,none,,DITTO_FILLED
전라남도 > 여자 > 65 - 69세,2023,적용인구 (명),65679,,data,0,데이터,898,4,1,none,,DITTO_FILLED
전라남도 > 여자 > 65 - 69세,2024,적용인구 (명),69902,,data,0,데이터,898,5,1,none,,DITTO_FILLED
전라남도 > 여자 > 70 - 74세,2023,적용인구 (명),51475,,data,0,데이터,899,4,1,none,,DITTO_FILLED
전라남도 > 여자 > 70 - 74세,2024,적용인구 (명),52369,,data,0,데이터,899,5,1,none,,DITTO_FILLED
전라남도 > 여자 > 75 - 79세,2023,적용인구 (명),45819,,data,0,데이터,900,4,1,none,,DITTO_FILLED
전라남도 > 여자 > 75 - 79세,2024,적용인구 (명),46709,,data,0,데이터,900,5,1,none,,DITTO_FILLED
전라남도 > 여자 > 80 - 84세,2023,적용인구 (명),47818,,data,0,데이터,901,4,1,none,,DITTO_FILLED
전라남도 > 여자 > 80 - 84세,2024,적용인구 (명),45770,,data,0,데이터,901,5,1,none,,DITTO_FILLED
전라남도 > 여자 > 85세 이상,2023,적용인구 (명),43451,,data,0,데이터,902,4,1,none,,DITTO_FILLED
전라남도 > 여자 > 85세 이상,2024,적용인구 (명),45973,,data,0,데이터,902,5,1,none,,DITTO_FILLED
경상북도 > 계 > 합계,2023,적용인구 (명),2524230,,subtotal,0,데이터,903,4,1,none,,
경상북도 > 계 > 합계,2024,적용인구 (명),2508371,,subtotal,0,데이터,903,5,1,none,,
경상북도 > 계 > 1 - 4세,2023,적용인구 (명),49665,,subtotal,0,데이터,904,4,1,none,,DITTO_FILLED
경상북도 > 계 > 1 - 4세,2024,적용인구 (명),45378,,subtotal,0,데이터,904,5,1,none,,DITTO_FILLED
경상북도 > 계 > 0세,2023,적용인구 (명),10053,,subtotal,0,데이터,905,4,1,none,,DITTO_FILLED
경상북도 > 계 > 0세,2024,적용인구 (명),10203,,subtotal,0,데이터,905,5,1,none,,DITTO_FILLED
경상북도 > 계 > 5 - 9세,2023,적용인구 (명),91614,,subtotal,0,데이터,906,4,1,none,,DITTO_FILLED
경상북도 > 계 > 5 - 9세,2024,적용인구 (명),84461,,subtotal,0,데이터,906,5,1,none,,DITTO_FILLED
경상북도 > 계 > 10 - 14세,2023,적용인구 (명),106561,,subtotal,0,데이터,907,4,1,none,,DITTO_FILLED
경상북도 > 계 > 10 - 14세,2024,적용인구 (명),105743,,subtotal,0,데이터,907,5,1,none,,DITTO_FILLED
경상북도 > 계 > 15 - 19세,2023,적용인구 (명),106216,,subtotal,0,데이터,908,4,1,none,,DITTO_FILLED
경상북도 > 계 > 15 - 19세,2024,적용인구 (명),106469,,subtotal,0,데이터,908,5,1,none,,DITTO_FILLED
경상북도 > 계 > 20 - 24세,2023,적용인구 (명),126250,,subtotal,0,데이터,909,4,1,none,,DITTO_FILLED
경상북도 > 계 > 20 - 24세,2024,적용인구 (명),121595,,subtotal,0,데이터,909,5,1,none,,DITTO_FILLED
경상북도 > 계 > 25 - 29세,2023,적용인구 (명),136673,,subtotal,0,데이터,910,4,1,none,,DITTO_FILLED
경상북도 > 계 > 25 - 29세,2024,적용인구 (명),133746,,subtotal,0,데이터,910,5,1,none,,DITTO_FILLED
경상북도 > 계 > 30 - 34세,2023,적용인구 (명),136417,,subtotal,0,데이터,911,4,1,none,,DITTO_FILLED
경상북도 > 계 > 30 - 34세,2024,적용인구 (명),137972,,subtotal,0,데이터,911,5,1,none,,DITTO_FILLED
경상북도 > 계 > 35 - 39세,2023,적용인구 (명),136261,,subtotal,0,데이터,912,4,1,none,,DITTO_FILLED
경상북도 > 계 > 35 - 39세,2024,적용인구 (명),133251,,subtotal,0,데이터,912,5,1,none,,DITTO_FILLED
경상북도 > 계 > 40 - 44세,2023,적용인구 (명),179170,,subtotal,0,데이터,913,4,1,none,,DITTO_FILLED
경상북도 > 계 > 40 - 44세,2024,적용인구 (명),170461,,subtotal,0,데이터,913,5,1,none,,DITTO_FILLED
경상북도 > 계 > 45 - 49세,2023,적용인구 (명),177585,,subtotal,0,데이터,914,4,1,none,,DITTO_FILLED
경상북도 > 계 > 45 - 49세,2024,적용인구 (명),174039,,subtotal,0,데이터,914,5,1,none,,DITTO_FILLED
경상북도 > 계 > 50 - 54세,2023,적용인구 (명),215611,,subtotal,0,데이터,915,4,1,none,,DITTO_FILLED
경상북도 > 계 > 50 - 54세,2024,적용인구 (명),210487,,subtotal,0,데이터,915,5,1,none,,DITTO_FILLED
경상북도 > 계 > 55 - 59세,2023,적용인구 (명),220558,,subtotal,0,데이터,916,4,1,none,,DITTO_FILLED
경상북도 > 계 > 55 - 59세,2024,적용인구 (명),222223,,subtotal,0,데이터,916,5,1,none,,DITTO_FILLED
경상북도 > 계 > 60 - 64세,2023,적용인구 (명),238089,,subtotal,0,데이터,917,4,1,none,,DITTO_FILLED
경상북도 > 계 > 60 - 64세,2024,적용인구 (명),232269,,subtotal,0,데이터,917,5,1,none,,DITTO_FILLED
경상북도 > 계 > 65 - 69세,2023,적용인구 (명),195657,,subtotal,0,데이터,918,4,1,none,,DITTO_FILLED
경상북도 > 계 > 65 - 69세,2024,적용인구 (명),208664,,subtotal,0,데이터,918,5,1,none,,DITTO_FILLED
경상북도 > 계 > 70 - 74세,2023,적용인구 (명),141205,,subtotal,0,데이터,919,4,1,none,,DITTO_FILLED
경상북도 > 계 > 70 - 74세,2024,적용인구 (명),146983,,subtotal,0,데이터,919,5,1,none,,DITTO_FILLED
경상북도 > 계 > 75 - 79세,2023,적용인구 (명),97497,,subtotal,0,데이터,920,4,1,none,,DITTO_FILLED
경상북도 > 계 > 75 - 79세,2024,적용인구 (명),102839,,subtotal,0,데이터,920,5,1,none,,DITTO_FILLED
경상북도 > 계 > 80 - 84세,2023,적용인구 (명),88912,,subtotal,0,데이터,921,4,1,none,,DITTO_FILLED
경상북도 > 계 > 80 - 84세,2024,적용인구 (명),86241,,subtotal,0,데이터,921,5,1,none,,DITTO_FILLED
경상북도 > 계 > 85세 이상,2023,적용인구 (명),70236,,subtotal,0,데이터,922,4,1,none,,DITTO_FILLED
경상북도 > 계 > 85세 이상,2024,적용인구 (명),75347,,subtotal,0,데이터,922,5,1,none,,DITTO_FILLED
경상북도 > 남자 > 합계,2023,적용인구 (명),1283714,,subtotal,0,데이터,923,4,1,none,,DITTO_FILLED
경상북도 > 남자 > 합계,2024,적용인구 (명),1278363,,subtotal,0,데이터,923,5,1,none,,DITTO_FILLED
경상북도 > 남자 > 1 - 4세,2023,적용인구 (명),25422,,data,0,데이터,924,4,1,none,,DITTO_FILLED
경상북도 > 남자 > 1 - 4세,2024,적용인구 (명),23307,,data,0,데이터,924,5,1,none,,DITTO_FILLED
경상북도 > 남자 > 0세,2023,적용인구 (명),5222,,data,0,데이터,925,4,1,none,,DITTO_FILLED
경상북도 > 남자 > 0세,2024,적용인구 (명),5252,,data,0,데이터,925,5,1,none,,DITTO_FILLED
경상북도 > 남자 > 5 - 9세,2023,적용인구 (명),47100,,data,0,데이터,926,4,1,none,,DITTO_FILLED
경상북도 > 남자 > 5 - 9세,2024,적용인구 (명),43382,,data,0,데이터,926,5,1,none,,DITTO_FILLED
경상북도 > 남자 > 10 - 14세,2023,적용인구 (명),55343,,data,0,데이터,927,4,1,none,,DITTO_FILLED
경상북도 > 남자 > 10 - 14세,2024,적용인구 (명),54803,,data,0,데이터,927,5,1,none,,DITTO_FILLED
경상북도 > 남자 > 15 - 19세,2023,적용인구 (명),56057,,data,0,데이터,928,4,1,none,,DITTO_FILLED
경상북도 > 남자 > 15 - 19세,2024,적용인구 (명),56262,,data,0,데이터,928,5,1,none,,DITTO_FILLED
경상북도 > 남자 > 20 - 24세,2023,적용인구 (명),72430,,data,0,데이터,929,4,1,none,,DITTO_FILLED
경상북도 > 남자 > 20 - 24세,2024,적용인구 (명),70153,,data,0,데이터,929,5,1,none,,DITTO_FILLED
경상북도 > 남자 > 25 - 29세,2023,적용인구 (명),79987,,data,0,데이터,930,4,1,none,,DITTO_FILLED
경상북도 > 남자 > 25 - 29세,2024,적용인구 (명),78754,,data,0,데이터,930,5,1,none,,DITTO_FILLED
경상북도 > 남자 > 30 - 34세,2023,적용인구 (명),77260,,data,0,데이터,931,4,1,none,,DITTO_FILLED
경상북도 > 남자 > 30 - 34세,2024,적용인구 (명),78851,,data,0,데이터,931,5,1,none,,DITTO_FILLED
경상북도 > 남자 > 35 - 39세,2023,적용인구 (명),73378,,data,0,데이터,932,4,1,none,,DITTO_FILLED
경상북도 > 남자 > 35 - 39세,2024,적용인구 (명),72762,,data,0,데이터,932,5,1,none,,DITTO_FILLED
경상북도 > 남자 > 40 - 44세,2023,적용인구 (명),93694,,data,0,데이터,933,4,1,none,,DITTO_FILLED
경상북도 > 남자 > 40 - 44세,2024,적용인구 (명),89272,,data,0,데이터,933,5,1,none,,DITTO_FILLED
경상북도 > 남자 > 45 - 49세,2023,적용인구 (명),92545,,data,0,데이터,934,4,1,none,,DITTO_FILLED
경상북도 > 남자 > 45 - 49세,2024,적용인구 (명),90720,,data,0,데이터,934,5,1,none,,DITTO_FILLED
경상북도 > 남자 > 50 - 54세,2023,적용인구 (명),111897,,data,0,데이터,935,4,1,none,,DITTO_FILLED
경상북도 > 남자 > 50 - 54세,2024,적용인구 (명),109306,,data,0,데이터,935,5,1,none,,DITTO_FILLED
경상북도 > 남자 > 55 - 59세,2023,적용인구 (명),112762,,data,0,데이터,936,4,1,none,,DITTO_FILLED
경상북도 > 남자 > 55 - 59세,2024,적용인구 (명),113521,,data,0,데이터,936,5,1,none,,DITTO_FILLED
경상북도 > 남자 > 60 - 64세,2023,적용인구 (명),119689,,data,0,데이터,937,4,1,none,,DITTO_FILLED
경상북도 > 남자 > 60 - 64세,2024,적용인구 (명),117553,,data,0,데이터,937,5,1,none,,DITTO_FILLED
경상북도 > 남자 > 65 - 69세,2023,적용인구 (명),97317,,data,0,데이터,938,4,1,none,,DITTO_FILLED
경상북도 > 남자 > 65 - 69세,2024,적용인구 (명),103205,,data,0,데이터,938,5,1,none,,DITTO_FILLED
경상북도 > 남자 > 70 - 74세,2023,적용인구 (명),67325,,data,0,데이터,939,4,1,none,,DITTO_FILLED
경상북도 > 남자 > 70 - 74세,2024,적용인구 (명),70337,,data,0,데이터,939,5,1,none,,DITTO_FILLED
경상북도 > 남자 > 75 - 79세,2023,적용인구 (명),43827,,data,0,데이터,940,4,1,none,,DITTO_FILLED
경상북도 > 남자 > 75 - 79세,2024,적용인구 (명),47441,,data,0,데이터,940,5,1,none,,DITTO_FILLED
경상북도 > 남자 > 80 - 84세,2023,적용인구 (명),32827,,data,0,데이터,941,4,1,none,,DITTO_FILLED
경상북도 > 남자 > 80 - 84세,2024,적용인구 (명),32186,,data,0,데이터,941,5,1,none,,DITTO_FILLED
경상북도 > 남자 > 85세 이상,2023,적용인구 (명),19632,,data,0,데이터,942,4,1,none,,DITTO_FILLED
경상북도 > 남자 > 85세 이상,2024,적용인구 (명),21296,,data,0,데이터,942,5,1,none,,DITTO_FILLED
경상북도 > 여자 > 합계,2023,적용인구 (명),1240516,,subtotal,0,데이터,943,4,1,none,,DITTO_FILLED
경상북도 > 여자 > 합계,2024,적용인구 (명),1230008,,subtotal,0,데이터,943,5,1,none,,DITTO_FILLED
경상북도 > 여자 > 1 - 4세,2023,적용인구 (명),24243,,data,0,데이터,944,4,1,none,,DITTO_FILLED
경상북도 > 여자 > 1 - 4세,2024,적용인구 (명),22071,,data,0,데이터,944,5,1,none,,DITTO_FILLED
경상북도 > 여자 > 0세,2023,적용인구 (명),4831,,data,0,데이터,945,4,1,none,,DITTO_FILLED
경상북도 > 여자 > 0세,2024,적용인구 (명),4951,,data,0,데이터,945,5,1,none,,DITTO_FILLED
경상북도 > 여자 > 5 - 9세,2023,적용인구 (명),44514,,data,0,데이터,946,4,1,none,,DITTO_FILLED
경상북도 > 여자 > 5 - 9세,2024,적용인구 (명),41079,,data,0,데이터,946,5,1,none,,DITTO_FILLED
경상북도 > 여자 > 10 - 14세,2023,적용인구 (명),51218,,data,0,데이터,947,4,1,none,,DITTO_FILLED
경상북도 > 여자 > 10 - 14세,2024,적용인구 (명),50940,,data,0,데이터,947,5,1,none,,DITTO_FILLED
경상북도 > 여자 > 15 - 19세,2023,적용인구 (명),50159,,data,0,데이터,948,4,1,none,,DITTO_FILLED
경상북도 > 여자 > 15 - 19세,2024,적용인구 (명),50207,,data,0,데이터,948,5,1,none,,DITTO_FILLED
경상북도 > 여자 > 20 - 24세,2023,적용인구 (명),53820,,data,0,데이터,949,4,1,none,,DITTO_FILLED
경상북도 > 여자 > 20 - 24세,2024,적용인구 (명),51442,,data,0,데이터,949,5,1,none,,DITTO_FILLED
경상북도 > 여자 > 25 - 29세,2023,적용인구 (명),56686,,data,0,데이터,950,4,1,none,,DITTO_FILLED
경상북도 > 여자 > 25 - 29세,2024,적용인구 (명),54992,,data,0,데이터,950,5,1,none,,DITTO_FILLED
경상북도 > 여자 > 30 - 34세,2023,적용인구 (명),59157,,data,0,데이터,951,4,1,none,,DITTO_FILLED
경상북도 > 여자 > 30 - 34세,2024,적용인구 (명),59121,,data,0,데이터,951,5,1,none,,DITTO_FILLED
경상북도 > 여자 > 35 - 39세,2023,적용인구 (명),62883,,data,0,데이터,952,4,1,none,,DITTO_FILLED
경상북도 > 여자 > 35 - 39세,2024,적용인구 (명),60489,,data,0,데이터,952,5,1,none,,DITTO_FILLED
경상북도 > 여자 > 40 - 44세,2023,적용인구 (명),85476,,data,0,데이터,953,4,1,none,,DITTO_FILLED
경상북도 > 여자 > 40 - 44세,2024,적용인구 (명),81189,,data,0,데이터,953,5,1,none,,DITTO_FILLED
경상북도 > 여자 > 45 - 49세,2023,적용인구 (명),85040,,data,0,데이터,954,4,1,none,,DITTO_FILLED
경상북도 > 여자 > 45 - 49세,2024,적용인구 (명),83319,,data,0,데이터,954,5,1,none,,DITTO_FILLED
경상북도 > 여자 > 50 - 54세,2023,적용인구 (명),103714,,data,0,데이터,955,4,1,none,,DITTO_FILLED
경상북도 > 여자 > 50 - 54세,2024,적용인구 (명),101181,,data,0,데이터,955,5,1,none,,DITTO_FILLED
경상북도 > 여자 > 55 - 59세,2023,적용인구 (명),107796,,data,0,데이터,956,4,1,none,,DITTO_FILLED
경상북도 > 여자 > 55 - 59세,2024,적용인구 (명),108702,,data,0,데이터,956,5,1,none,,DITTO_FILLED
경상북도 > 여자 > 60 - 64세,2023,적용인구 (명),118400,,data,0,데이터,957,4,1,none,,DITTO_FILLED
경상북도 > 여자 > 60 - 64세,2024,적용인구 (명),114716,,data,0,데이터,957,5,1,none,,DITTO_FILLED
경상북도 > 여자 > 65 - 69세,2023,적용인구 (명),98340,,data,0,데이터,958,4,1,none,,DITTO_FILLED
경상북도 > 여자 > 65 - 69세,2024,적용인구 (명),105459,,data,0,데이터,958,5,1,none,,DITTO_FILLED
경상북도 > 여자 > 70 - 74세,2023,적용인구 (명),73880,,data,0,데이터,959,4,1,none,,DITTO_FILLED
경상북도 > 여자 > 70 - 74세,2024,적용인구 (명),76646,,data,0,데이터,959,5,1,none,,DITTO_FILLED
경상북도 > 여자 > 75 - 79세,2023,적용인구 (명),53670,,data,0,데이터,960,4,1,none,,DITTO_FILLED
경상북도 > 여자 > 75 - 79세,2024,적용인구 (명),55398,,data,0,데이터,960,5,1,none,,DITTO_FILLED
경상북도 > 여자 > 80 - 84세,2023,적용인구 (명),56085,,data,0,데이터,961,4,1,none,,DITTO_FILLED
경상북도 > 여자 > 80 - 84세,2024,적용인구 (명),54055,,data,0,데이터,961,5,1,none,,DITTO_FILLED
경상북도 > 여자 > 85세 이상,2023,적용인구 (명),50604,,data,0,데이터,962,4,1,none,,DITTO_FILLED
경상북도 > 여자 > 85세 이상,2024,적용인구 (명),54051,,data,0,데이터,962,5,1,none,,DITTO_FILLED
경상남도 > 계 > 합계,2023,적용인구 (명),3236827,,subtotal,0,데이터,963,4,1,none,,
경상남도 > 계 > 합계,2024,적용인구 (명),3221930,,subtotal,0,데이터,963,5,1,none,,
경상남도 > 계 > 1 - 4세,2023,적용인구 (명),66051,,subtotal,0,데이터,964,4,1,none,,DITTO_FILLED
경상남도 > 계 > 1 - 4세,2024,적용인구 (명),60538,,subtotal,0,데이터,964,5,1,none,,DITTO_FILLED
경상남도 > 계 > 0세,2023,적용인구 (명),12887,,subtotal,0,데이터,965,4,1,none,,DITTO_FILLED
경상남도 > 계 > 0세,2024,적용인구 (명),13089,,subtotal,0,데이터,965,5,1,none,,DITTO_FILLED
경상남도 > 계 > 5 - 9세,2023,적용인구 (명),132580,,subtotal,0,데이터,966,4,1,none,,DITTO_FILLED
경상남도 > 계 > 5 - 9세,2024,적용인구 (명),121547,,subtotal,0,데이터,966,5,1,none,,DITTO_FILLED
경상남도 > 계 > 10 - 14세,2023,적용인구 (명),158023,,subtotal,0,데이터,967,4,1,none,,DITTO_FILLED
경상남도 > 계 > 10 - 14세,2024,적용인구 (명),157527,,subtotal,0,데이터,967,5,1,none,,DITTO_FILLED
경상남도 > 계 > 15 - 19세,2023,적용인구 (명),152458,,subtotal,0,데이터,968,4,1,none,,DITTO_FILLED
경상남도 > 계 > 15 - 19세,2024,적용인구 (명),151653,,subtotal,0,데이터,968,5,1,none,,DITTO_FILLED
경상남도 > 계 > 20 - 24세,2023,적용인구 (명),161328,,subtotal,0,데이터,969,4,1,none,,DITTO_FILLED
경상남도 > 계 > 20 - 24세,2024,적용인구 (명),152086,,subtotal,0,데이터,969,5,1,none,,DITTO_FILLED
경상남도 > 계 > 25 - 29세,2023,적용인구 (명),180172,,subtotal,0,데이터,970,4,1,none,,DITTO_FILLED
경상남도 > 계 > 25 - 29세,2024,적용인구 (명),175632,,subtotal,0,데이터,970,5,1,none,,DITTO_FILLED
경상남도 > 계 > 30 - 34세,2023,적용인구 (명),185009,,subtotal,0,데이터,971,4,1,none,,DITTO_FILLED
경상남도 > 계 > 30 - 34세,2024,적용인구 (명),188456,,subtotal,0,데이터,971,5,1,none,,DITTO_FILLED
경상남도 > 계 > 35 - 39세,2023,적용인구 (명),188789,,subtotal,0,데이터,972,4,1,none,,DITTO_FILLED
경상남도 > 계 > 35 - 39세,2024,적용인구 (명),184880,,subtotal,0,데이터,972,5,1,none,,DITTO_FILLED
경상남도 > 계 > 40 - 44세,2023,적용인구 (명),258398,,subtotal,0,데이터,973,4,1,none,,DITTO_FILLED
경상남도 > 계 > 40 - 44세,2024,적용인구 (명),246484,,subtotal,0,데이터,973,5,1,none,,DITTO_FILLED
경상남도 > 계 > 45 - 49세,2023,적용인구 (명),249873,,subtotal,0,데이터,974,4,1,none,,DITTO_FILLED
경상남도 > 계 > 45 - 49세,2024,적용인구 (명),247750,,subtotal,0,데이터,974,5,1,none,,DITTO_FILLED
경상남도 > 계 > 50 - 54세,2023,적용인구 (명),296157,,subtotal,0,데이터,975,4,1,none,,DITTO_FILLED
경상남도 > 계 > 50 - 54세,2024,적용인구 (명),289259,,subtotal,0,데이터,975,5,1,none,,DITTO_FILLED
경상남도 > 계 > 55 - 59세,2023,적용인구 (명),279364,,subtotal,0,데이터,976,4,1,none,,DITTO_FILLED
경상남도 > 계 > 55 - 59세,2024,적용인구 (명),288211,,subtotal,0,데이터,976,5,1,none,,DITTO_FILLED
경상남도 > 계 > 60 - 64세,2023,적용인구 (명),285290,,subtotal,0,데이터,977,4,1,none,,DITTO_FILLED
경상남도 > 계 > 60 - 64세,2024,적용인구 (명),282436,,subtotal,0,데이터,977,5,1,none,,DITTO_FILLED
경상남도 > 계 > 65 - 69세,2023,적용인구 (명),226761,,subtotal,0,데이터,978,4,1,none,,DITTO_FILLED
경상남도 > 계 > 65 - 69세,2024,적용인구 (명),240528,,subtotal,0,데이터,978,5,1,none,,DITTO_FILLED
경상남도 > 계 > 70 - 74세,2023,적용인구 (명),148692,,subtotal,0,데이터,979,4,1,none,,DITTO_FILLED
경상남도 > 계 > 70 - 74세,2024,적용인구 (명),157440,,subtotal,0,데이터,979,5,1,none,,DITTO_FILLED
경상남도 > 계 > 75 - 79세,2023,적용인구 (명),104728,,subtotal,0,데이터,980,4,1,none,,DITTO_FILLED
경상남도 > 계 > 75 - 79세,2024,적용인구 (명),110295,,subtotal,0,데이터,980,5,1,none,,DITTO_FILLED
경상남도 > 계 > 80 - 84세,2023,적용인구 (명),84542,,subtotal,0,데이터,981,4,1,none,,DITTO_FILLED
경상남도 > 계 > 80 - 84세,2024,적용인구 (명),84379,,subtotal,0,데이터,981,5,1,none,,DITTO_FILLED
경상남도 > 계 > 85세 이상,2023,적용인구 (명),65725,,subtotal,0,데이터,982,4,1,none,,DITTO_FILLED
경상남도 > 계 > 85세 이상,2024,적용인구 (명),69740,,subtotal,0,데이터,982,5,1,none,,DITTO_FILLED
경상남도 > 남자 > 합계,2023,적용인구 (명),1644353,,subtotal,0,데이터,983,4,1,none,,DITTO_FILLED
경상남도 > 남자 > 합계,2024,적용인구 (명),1640537,,subtotal,0,데이터,983,5,1,none,,DITTO_FILLED
경상남도 > 남자 > 1 - 4세,2023,적용인구 (명),33850,,data,0,데이터,984,4,1,none,,DITTO_FILLED
경상남도 > 남자 > 1 - 4세,2024,적용인구 (명),31120,,data,0,데이터,984,5,1,none,,DITTO_FILLED
경상남도 > 남자 > 0세,2023,적용인구 (명),6641,,data,0,데이터,985,4,1,none,,DITTO_FILLED
경상남도 > 남자 > 0세,2024,적용인구 (명),6767,,data,0,데이터,985,5,1,none,,DITTO_FILLED
경상남도 > 남자 > 5 - 9세,2023,적용인구 (명),68402,,data,0,데이터,986,4,1,none,,DITTO_FILLED
경상남도 > 남자 > 5 - 9세,2024,적용인구 (명),62549,,data,0,데이터,986,5,1,none,,DITTO_FILLED
경상남도 > 남자 > 10 - 14세,2023,적용인구 (명),81472,,data,0,데이터,987,4,1,none,,DITTO_FILLED
경상남도 > 남자 > 10 - 14세,2024,적용인구 (명),81277,,data,0,데이터,987,5,1,none,,DITTO_FILLED
경상남도 > 남자 > 15 - 19세,2023,적용인구 (명),79719,,data,0,데이터,988,4,1,none,,DITTO_FILLED
경상남도 > 남자 > 15 - 19세,2024,적용인구 (명),78931,,data,0,데이터,988,5,1,none,,DITTO_FILLED
경상남도 > 남자 > 20 - 24세,2023,적용인구 (명),92120,,data,0,데이터,989,4,1,none,,DITTO_FILLED
경상남도 > 남자 > 20 - 24세,2024,적용인구 (명),87838,,data,0,데이터,989,5,1,none,,DITTO_FILLED
경상남도 > 남자 > 25 - 29세,2023,적용인구 (명),103830,,data,0,데이터,990,4,1,none,,DITTO_FILLED
경상남도 > 남자 > 25 - 29세,2024,적용인구 (명),102010,,data,0,데이터,990,5,1,none,,DITTO_FILLED
경상남도 > 남자 > 30 - 34세,2023,적용인구 (명),103439,,data,0,데이터,991,4,1,none,,DITTO_FILLED
경상남도 > 남자 > 30 - 34세,2024,적용인구 (명),106608,,data,0,데이터,991,5,1,none,,DITTO_FILLED
경상남도 > 남자 > 35 - 39세,2023,적용인구 (명),100569,,data,0,데이터,992,4,1,none,,DITTO_FILLED
경상남도 > 남자 > 35 - 39세,2024,적용인구 (명),99863,,data,0,데이터,992,5,1,none,,DITTO_FILLED
경상남도 > 남자 > 40 - 44세,2023,적용인구 (명),133905,,data,0,데이터,993,4,1,none,,DITTO_FILLED
경상남도 > 남자 > 40 - 44세,2024,적용인구 (명),128066,,data,0,데이터,993,5,1,none,,DITTO_FILLED
경상남도 > 남자 > 45 - 49세,2023,적용인구 (명),128593,,data,0,데이터,994,4,1,none,,DITTO_FILLED
경상남도 > 남자 > 45 - 49세,2024,적용인구 (명),127395,,data,0,데이터,994,5,1,none,,DITTO_FILLED
경상남도 > 남자 > 50 - 54세,2023,적용인구 (명),151382,,data,0,데이터,995,4,1,none,,DITTO_FILLED
경상남도 > 남자 > 50 - 54세,2024,적용인구 (명),148329,,data,0,데이터,995,5,1,none,,DITTO_FILLED
경상남도 > 남자 > 55 - 59세,2023,적용인구 (명),140779,,data,0,데이터,996,4,1,none,,DITTO_FILLED
경상남도 > 남자 > 55 - 59세,2024,적용인구 (명),145089,,data,0,데이터,996,5,1,none,,DITTO_FILLED
경상남도 > 남자 > 60 - 64세,2023,적용인구 (명),142331,,data,0,데이터,997,4,1,none,,DITTO_FILLED
경상남도 > 남자 > 60 - 64세,2024,적용인구 (명),140977,,data,0,데이터,997,5,1,none,,DITTO_FILLED
경상남도 > 남자 > 65 - 69세,2023,적용인구 (명),111820,,data,0,데이터,998,4,1,none,,DITTO_FILLED
경상남도 > 남자 > 65 - 69세,2024,적용인구 (명),118180,,data,0,데이터,998,5,1,none,,DITTO_FILLED
경상남도 > 남자 > 70 - 74세,2023,적용인구 (명),70724,,data,0,데이터,999,4,1,none,,DITTO_FILLED
경상남도 > 남자 > 70 - 74세,2024,적용인구 (명),75460,,data,0,데이터,999,5,1,none,,DITTO_FILLED
경상남도 > 남자 > 75 - 79세,2023,적용인구 (명),46671,,data,0,데이터,1000,4,1,none,,DITTO_FILLED
경상남도 > 남자 > 75 - 79세,2024,적용인구 (명),50059,,data,0,데이터,1000,5,1,none,,DITTO_FILLED
경상남도 > 남자 > 80 - 84세,2023,적용인구 (명),30646,,data,0,데이터,1001,4,1,none,,DITTO_FILLED
경상남도 > 남자 > 80 - 84세,2024,적용인구 (명),31247,,data,0,데이터,1001,5,1,none,,DITTO_FILLED
경상남도 > 남자 > 85세 이상,2023,적용인구 (명),17460,,data,0,데이터,1002,4,1,none,,DITTO_FILLED
경상남도 > 남자 > 85세 이상,2024,적용인구 (명),18772,,data,0,데이터,1002,5,1,none,,DITTO_FILLED
경상남도 > 여자 > 합계,2023,적용인구 (명),1592474,,subtotal,0,데이터,1003,4,1,none,,DITTO_FILLED
경상남도 > 여자 > 합계,2024,적용인구 (명),1581393,,subtotal,0,데이터,1003,5,1,none,,DITTO_FILLED
경상남도 > 여자 > 1 - 4세,2023,적용인구 (명),32201,,data,0,데이터,1004,4,1,none,,DITTO_FILLED
경상남도 > 여자 > 1 - 4세,2024,적용인구 (명),29418,,data,0,데이터,1004,5,1,none,,DITTO_FILLED
경상남도 > 여자 > 0세,2023,적용인구 (명),6246,,data,0,데이터,1005,4,1,none,,DITTO_FILLED
경상남도 > 여자 > 0세,2024,적용인구 (명),6322,,data,0,데이터,1005,5,1,none,,DITTO_FILLED
경상남도 > 여자 > 5 - 9세,2023,적용인구 (명),64178,,data,0,데이터,1006,4,1,none,,DITTO_FILLED
경상남도 > 여자 > 5 - 9세,2024,적용인구 (명),58998,,data,0,데이터,1006,5,1,none,,DITTO_FILLED
경상남도 > 여자 > 10 - 14세,2023,적용인구 (명),76551,,data,0,데이터,1007,4,1,none,,DITTO_FILLED
경상남도 > 여자 > 10 - 14세,2024,적용인구 (명),76250,,data,0,데이터,1007,5,1,none,,DITTO_FILLED
경상남도 > 여자 > 15 - 19세,2023,적용인구 (명),72739,,data,0,데이터,1008,4,1,none,,DITTO_FILLED
경상남도 > 여자 > 15 - 19세,2024,적용인구 (명),72722,,data,0,데이터,1008,5,1,none,,DITTO_FILLED
경상남도 > 여자 > 20 - 24세,2023,적용인구 (명),69208,,data,0,데이터,1009,4,1,none,,DITTO_FILLED
경상남도 > 여자 > 20 - 24세,2024,적용인구 (명),64248,,data,0,데이터,1009,5,1,none,,DITTO_FILLED
경상남도 > 여자 > 25 - 29세,2023,적용인구 (명),76342,,data,0,데이터,1010,4,1,none,,DITTO_FILLED
경상남도 > 여자 > 25 - 29세,2024,적용인구 (명),73622,,data,0,데이터,1010,5,1,none,,DITTO_FILLED
경상남도 > 여자 > 30 - 34세,2023,적용인구 (명),81570,,data,0,데이터,1011,4,1,none,,DITTO_FILLED
경상남도 > 여자 > 30 - 34세,2024,적용인구 (명),81848,,data,0,데이터,1011,5,1,none,,DITTO_FILLED
경상남도 > 여자 > 35 - 39세,2023,적용인구 (명),88220,,data,0,데이터,1012,4,1,none,,DITTO_FILLED
경상남도 > 여자 > 35 - 39세,2024,적용인구 (명),85017,,data,0,데이터,1012,5,1,none,,DITTO_FILLED
경상남도 > 여자 > 40 - 44세,2023,적용인구 (명),124493,,data,0,데이터,1013,4,1,none,,DITTO_FILLED
경상남도 > 여자 > 40 - 44세,2024,적용인구 (명),118418,,data,0,데이터,1013,5,1,none,,DITTO_FILLED
경상남도 > 여자 > 45 - 49세,2023,적용인구 (명),121280,,data,0,데이터,1014,4,1,none,,DITTO_FILLED
경상남도 > 여자 > 45 - 49세,2024,적용인구 (명),120355,,data,0,데이터,1014,5,1,none,,DITTO_FILLED
경상남도 > 여자 > 50 - 54세,2023,적용인구 (명),144775,,data,0,데이터,1015,4,1,none,,DITTO_FILLED
경상남도 > 여자 > 50 - 54세,2024,적용인구 (명),140930,,data,0,데이터,1015,5,1,none,,DITTO_FILLED
경상남도 > 여자 > 55 - 59세,2023,적용인구 (명),138585,,data,0,데이터,1016,4,1,none,,DITTO_FILLED
경상남도 > 여자 > 55 - 59세,2024,적용인구 (명),143122,,data,0,데이터,1016,5,1,none,,DITTO_FILLED
경상남도 > 여자 > 60 - 64세,2023,적용인구 (명),142959,,data,0,데이터,1017,4,1,none,,DITTO_FILLED
경상남도 > 여자 > 60 - 64세,2024,적용인구 (명),141459,,data,0,데이터,1017,5,1,none,,DITTO_FILLED
경상남도 > 여자 > 65 - 69세,2023,적용인구 (명),114941,,data,0,데이터,1018,4,1,none,,DITTO_FILLED
경상남도 > 여자 > 65 - 69세,2024,적용인구 (명),122348,,data,0,데이터,1018,5,1,none,,DITTO_FILLED
경상남도 > 여자 > 70 - 74세,2023,적용인구 (명),77968,,data,0,데이터,1019,4,1,none,,DITTO_FILLED
경상남도 > 여자 > 70 - 74세,2024,적용인구 (명),81980,,data,0,데이터,1019,5,1,none,,DITTO_FILLED
경상남도 > 여자 > 75 - 79세,2023,적용인구 (명),58057,,data,0,데이터,1020,4,1,none,,DITTO_FILLED
경상남도 > 여자 > 75 - 79세,2024,적용인구 (명),60236,,data,0,데이터,1020,5,1,none,,DITTO_FILLED
경상남도 > 여자 > 80 - 84세,2023,적용인구 (명),53896,,data,0,데이터,1021,4,1,none,,DITTO_FILLED
경상남도 > 여자 > 80 - 84세,2024,적용인구 (명),53132,,data,0,데이터,1021,5,1,none,,DITTO_FILLED
경상남도 > 여자 > 85세 이상,2023,적용인구 (명),48265,,data,0,데이터,1022,4,1,none,,DITTO_FILLED
경상남도 > 여자 > 85세 이상,2024,적용인구 (명),50968,,data,0,데이터,1022,5,1,none,,DITTO_FILLED
제주특별자치도 > 계 > 합계,2023,적용인구 (명),674199,,subtotal,0,데이터,1023,4,1,none,,
제주특별자치도 > 계 > 합계,2024,적용인구 (명),670251,,subtotal,0,데이터,1023,5,1,none,,
제주특별자치도 > 계 > 1 - 4세,2023,적용인구 (명),16569,,subtotal,0,데이터,1024,4,1,none,,DITTO_FILLED
제주특별자치도 > 계 > 1 - 4세,2024,적용인구 (명),15071,,subtotal,0,데이터,1024,5,1,none,,DITTO_FILLED
제주특별자치도 > 계 > 0세,2023,적용인구 (명),3168,,subtotal,0,데이터,1025,4,1,none,,DITTO_FILLED
제주특별자치도 > 계 > 0세,2024,적용인구 (명),3110,,subtotal,0,데이터,1025,5,1,none,,DITTO_FILLED
제주특별자치도 > 계 > 5 - 9세,2023,적용인구 (명),31298,,subtotal,0,데이터,1026,4,1,none,,DITTO_FILLED
제주특별자치도 > 계 > 5 - 9세,2024,적용인구 (명),29202,,subtotal,0,데이터,1026,5,1,none,,DITTO_FILLED
제주특별자치도 > 계 > 10 - 14세,2023,적용인구 (명),35801,,subtotal,0,데이터,1027,4,1,none,,DITTO_FILLED
제주특별자치도 > 계 > 10 - 14세,2024,적용인구 (명),35654,,subtotal,0,데이터,1027,5,1,none,,DITTO_FILLED
제주특별자치도 > 계 > 15 - 19세,2023,적용인구 (명),33071,,subtotal,0,데이터,1028,4,1,none,,DITTO_FILLED
제주특별자치도 > 계 > 15 - 19세,2024,적용인구 (명),33085,,subtotal,0,데이터,1028,5,1,none,,DITTO_FILLED
제주특별자치도 > 계 > 20 - 24세,2023,적용인구 (명),35996,,subtotal,0,데이터,1029,4,1,none,,DITTO_FILLED
제주특별자치도 > 계 > 20 - 24세,2024,적용인구 (명),33983,,subtotal,0,데이터,1029,5,1,none,,DITTO_FILLED
제주특별자치도 > 계 > 25 - 29세,2023,적용인구 (명),41536,,subtotal,0,데이터,1030,4,1,none,,DITTO_FILLED
제주특별자치도 > 계 > 25 - 29세,2024,적용인구 (명),39805,,subtotal,0,데이터,1030,5,1,none,,DITTO_FILLED
제주특별자치도 > 계 > 30 - 34세,2023,적용인구 (명),41732,,subtotal,0,데이터,1031,4,1,none,,DITTO_FILLED
제주특별자치도 > 계 > 30 - 34세,2024,적용인구 (명),42873,,subtotal,0,데이터,1031,5,1,none,,DITTO_FILLED
제주특별자치도 > 계 > 35 - 39세,2023,적용인구 (명),41284,,subtotal,0,데이터,1032,4,1,none,,DITTO_FILLED
제주특별자치도 > 계 > 35 - 39세,2024,적용인구 (명),40216,,subtotal,0,데이터,1032,5,1,none,,DITTO_FILLED
제주특별자치도 > 계 > 40 - 44세,2023,적용인구 (명),56939,,subtotal,0,데이터,1033,4,1,none,,DITTO_FILLED
제주특별자치도 > 계 > 40 - 44세,2024,적용인구 (명),54185,,subtotal,0,데이터,1033,5,1,none,,DITTO_FILLED
제주특별자치도 > 계 > 45 - 49세,2023,적용인구 (명),53828,,subtotal,0,데이터,1034,4,1,none,,DITTO_FILLED
제주특별자치도 > 계 > 45 - 49세,2024,적용인구 (명),53464,,subtotal,0,데이터,1034,5,1,none,,DITTO_FILLED
제주특별자치도 > 계 > 50 - 54세,2023,적용인구 (명),62518,,subtotal,0,데이터,1035,4,1,none,,DITTO_FILLED
제주특별자치도 > 계 > 50 - 54세,2024,적용인구 (명),62105,,subtotal,0,데이터,1035,5,1,none,,DITTO_FILLED
제주특별자치도 > 계 > 55 - 59세,2023,적용인구 (명),54922,,subtotal,0,데이터,1036,4,1,none,,DITTO_FILLED
제주특별자치도 > 계 > 55 - 59세,2024,적용인구 (명),56394,,subtotal,0,데이터,1036,5,1,none,,DITTO_FILLED
제주특별자치도 > 계 > 60 - 64세,2023,적용인구 (명),51325,,subtotal,0,데이터,1037,4,1,none,,DITTO_FILLED
제주특별자치도 > 계 > 60 - 64세,2024,적용인구 (명),51648,,subtotal,0,데이터,1037,5,1,none,,DITTO_FILLED
제주특별자치도 > 계 > 65 - 69세,2023,적용인구 (명),39458,,subtotal,0,데이터,1038,4,1,none,,DITTO_FILLED
제주특별자치도 > 계 > 65 - 69세,2024,적용인구 (명),41848,,subtotal,0,데이터,1038,5,1,none,,DITTO_FILLED
제주특별자치도 > 계 > 70 - 74세,2023,적용인구 (명),24462,,subtotal,0,데이터,1039,4,1,none,,DITTO_FILLED
제주특별자치도 > 계 > 70 - 74세,2024,적용인구 (명),25954,,subtotal,0,데이터,1039,5,1,none,,DITTO_FILLED
제주특별자치도 > 계 > 75 - 79세,2023,적용인구 (명),20786,,subtotal,0,데이터,1040,4,1,none,,DITTO_FILLED
제주특별자치도 > 계 > 75 - 79세,2024,적용인구 (명),21138,,subtotal,0,데이터,1040,5,1,none,,DITTO_FILLED
제주특별자치도 > 계 > 80 - 84세,2023,적용인구 (명),15585,,subtotal,0,데이터,1041,4,1,none,,DITTO_FILLED
제주특별자치도 > 계 > 80 - 84세,2024,적용인구 (명),15750,,subtotal,0,데이터,1041,5,1,none,,DITTO_FILLED
제주특별자치도 > 계 > 85세 이상,2023,적용인구 (명),13921,,subtotal,0,데이터,1042,4,1,none,,DITTO_FILLED
제주특별자치도 > 계 > 85세 이상,2024,적용인구 (명),14766,,subtotal,0,데이터,1042,5,1,none,,DITTO_FILLED
제주특별자치도 > 남자 > 합계,2023,적용인구 (명),339336,,subtotal,0,데이터,1043,4,1,none,,DITTO_FILLED
제주특별자치도 > 남자 > 합계,2024,적용인구 (명),336989,,subtotal,0,데이터,1043,5,1,none,,DITTO_FILLED
제주특별자치도 > 남자 > 1 - 4세,2023,적용인구 (명),8495,,data,0,데이터,1044,4,1,none,,DITTO_FILLED
제주특별자치도 > 남자 > 1 - 4세,2024,적용인구 (명),7712,,data,0,데이터,1044,5,1,none,,DITTO_FILLED
제주특별자치도 > 남자 > 0세,2023,적용인구 (명),1585,,data,0,데이터,1045,4,1,none,,DITTO_FILLED
제주특별자치도 > 남자 > 0세,2024,적용인구 (명),1562,,data,0,데이터,1045,5,1,none,,DITTO_FILLED
제주특별자치도 > 남자 > 5 - 9세,2023,적용인구 (명),16112,,data,0,데이터,1046,4,1,none,,DITTO_FILLED
제주특별자치도 > 남자 > 5 - 9세,2024,적용인구 (명),14994,,data,0,데이터,1046,5,1,none,,DITTO_FILLED
제주특별자치도 > 남자 > 10 - 14세,2023,적용인구 (명),18368,,data,0,데이터,1047,4,1,none,,DITTO_FILLED
제주특별자치도 > 남자 > 10 - 14세,2024,적용인구 (명),18256,,data,0,데이터,1047,5,1,none,,DITTO_FILLED
제주특별자치도 > 남자 > 15 - 19세,2023,적용인구 (명),17264,,data,0,데이터,1048,4,1,none,,DITTO_FILLED
제주특별자치도 > 남자 > 15 - 19세,2024,적용인구 (명),17213,,data,0,데이터,1048,5,1,none,,DITTO_FILLED
제주특별자치도 > 남자 > 20 - 24세,2023,적용인구 (명),19718,,data,0,데이터,1049,4,1,none,,DITTO_FILLED
제주특별자치도 > 남자 > 20 - 24세,2024,적용인구 (명),18794,,data,0,데이터,1049,5,1,none,,DITTO_FILLED
제주특별자치도 > 남자 > 25 - 29세,2023,적용인구 (명),22401,,data,0,데이터,1050,4,1,none,,DITTO_FILLED
제주특별자치도 > 남자 > 25 - 29세,2024,적용인구 (명),21473,,data,0,데이터,1050,5,1,none,,DITTO_FILLED
제주특별자치도 > 남자 > 30 - 34세,2023,적용인구 (명),21870,,data,0,데이터,1051,4,1,none,,DITTO_FILLED
제주특별자치도 > 남자 > 30 - 34세,2024,적용인구 (명),22684,,data,0,데이터,1051,5,1,none,,DITTO_FILLED
제주특별자치도 > 남자 > 35 - 39세,2023,적용인구 (명),20834,,data,0,데이터,1052,4,1,none,,DITTO_FILLED
제주특별자치도 > 남자 > 35 - 39세,2024,적용인구 (명),20291,,data,0,데이터,1052,5,1,none,,DITTO_FILLED
제주특별자치도 > 남자 > 40 - 44세,2023,적용인구 (명),28487,,data,0,데이터,1053,4,1,none,,DITTO_FILLED
제주특별자치도 > 남자 > 40 - 44세,2024,적용인구 (명),27111,,data,0,데이터,1053,5,1,none,,DITTO_FILLED
제주특별자치도 > 남자 > 45 - 49세,2023,적용인구 (명),27891,,data,0,데이터,1054,4,1,none,,DITTO_FILLED
제주특별자치도 > 남자 > 45 - 49세,2024,적용인구 (명),27202,,data,0,데이터,1054,5,1,none,,DITTO_FILLED
제주특별자치도 > 남자 > 50 - 54세,2023,적용인구 (명),32232,,data,0,데이터,1055,4,1,none,,DITTO_FILLED
제주특별자치도 > 남자 > 50 - 54세,2024,적용인구 (명),31997,,data,0,데이터,1055,5,1,none,,DITTO_FILLED
제주특별자치도 > 남자 > 55 - 59세,2023,적용인구 (명),28332,,data,0,데이터,1056,4,1,none,,DITTO_FILLED
제주특별자치도 > 남자 > 55 - 59세,2024,적용인구 (명),29098,,data,0,데이터,1056,5,1,none,,DITTO_FILLED
제주특별자치도 > 남자 > 60 - 64세,2023,적용인구 (명),25694,,data,0,데이터,1057,4,1,none,,DITTO_FILLED
제주특별자치도 > 남자 > 60 - 64세,2024,적용인구 (명),25949,,data,0,데이터,1057,5,1,none,,DITTO_FILLED
제주특별자치도 > 남자 > 65 - 69세,2023,적용인구 (명),19327,,data,0,데이터,1058,4,1,none,,DITTO_FILLED
제주특별자치도 > 남자 > 65 - 69세,2024,적용인구 (명),20431,,data,0,데이터,1058,5,1,none,,DITTO_FILLED
제주특별자치도 > 남자 > 70 - 74세,2023,적용인구 (명),11398,,data,0,데이터,1059,4,1,none,,DITTO_FILLED
제주특별자치도 > 남자 > 70 - 74세,2024,적용인구 (명),12189,,data,0,데이터,1059,5,1,none,,DITTO_FILLED
제주특별자치도 > 남자 > 75 - 79세,2023,적용인구 (명),9410,,data,0,데이터,1060,4,1,none,,DITTO_FILLED
제주특별자치도 > 남자 > 75 - 79세,2024,적용인구 (명),9567,,data,0,데이터,1060,5,1,none,,DITTO_FILLED
제주특별자치도 > 남자 > 80 - 84세,2023,적용인구 (명),6084,,data,0,데이터,1061,4,1,none,,DITTO_FILLED
제주특별자치도 > 남자 > 80 - 84세,2024,적용인구 (명),6236,,data,0,데이터,1061,5,1,none,,DITTO_FILLED
제주특별자치도 > 남자 > 85세 이상,2023,적용인구 (명),3834,,data,0,데이터,1062,4,1,none,,DITTO_FILLED
제주특별자치도 > 남자 > 85세 이상,2024,적용인구 (명),4230,,data,0,데이터,1062,5,1,none,,DITTO_FILLED
제주특별자치도 > 여자 > 합계,2023,적용인구 (명),334863,,subtotal,0,데이터,1063,4,1,none,,DITTO_FILLED
제주특별자치도 > 여자 > 합계,2024,적용인구 (명),333262,,subtotal,0,데이터,1063,5,1,none,,DITTO_FILLED
제주특별자치도 > 여자 > 1 - 4세,2023,적용인구 (명),8074,,data,0,데이터,1064,4,1,none,,DITTO_FILLED
제주특별자치도 > 여자 > 1 - 4세,2024,적용인구 (명),7359,,data,0,데이터,1064,5,1,none,,DITTO_FILLED
제주특별자치도 > 여자 > 0세,2023,적용인구 (명),1583,,data,0,데이터,1065,4,1,none,,DITTO_FILLED
제주특별자치도 > 여자 > 0세,2024,적용인구 (명),1548,,data,0,데이터,1065,5,1,none,,DITTO_FILLED
제주특별자치도 > 여자 > 5 - 9세,2023,적용인구 (명),15186,,data,0,데이터,1066,4,1,none,,DITTO_FILLED
제주특별자치도 > 여자 > 5 - 9세,2024,적용인구 (명),14208,,data,0,데이터,1066,5,1,none,,DITTO_FILLED
제주특별자치도 > 여자 > 10 - 14세,2023,적용인구 (명),17433,,data,0,데이터,1067,4,1,none,,DITTO_FILLED
제주특별자치도 > 여자 > 10 - 14세,2024,적용인구 (명),17398,,data,0,데이터,1067,5,1,none,,DITTO_FILLED
제주특별자치도 > 여자 > 15 - 19세,2023,적용인구 (명),15807,,data,0,데이터,1068,4,1,none,,DITTO_FILLED
제주특별자치도 > 여자 > 15 - 19세,2024,적용인구 (명),15872,,data,0,데이터,1068,5,1,none,,DITTO_FILLED
제주특별자치도 > 여자 > 20 - 24세,2023,적용인구 (명),16278,,data,0,데이터,1069,4,1,none,,DITTO_FILLED
제주특별자치도 > 여자 > 20 - 24세,2024,적용인구 (명),15189,,data,0,데이터,1069,5,1,none,,DITTO_FILLED
제주특별자치도 > 여자 > 25 - 29세,2023,적용인구 (명),19135,,data,0,데이터,1070,4,1,none,,DITTO_FILLED
제주특별자치도 > 여자 > 25 - 29세,2024,적용인구 (명),18332,,data,0,데이터,1070,5,1,none,,DITTO_FILLED
제주특별자치도 > 여자 > 30 - 34세,2023,적용인구 (명),19862,,data,0,데이터,1071,4,1,none,,DITTO_FILLED
제주특별자치도 > 여자 > 30 - 34세,2024,적용인구 (명),20189,,data,0,데이터,1071,5,1,none,,DITTO_FILLED
제주특별자치도 > 여자 > 35 - 39세,2023,적용인구 (명),20450,,data,0,데이터,1072,4,1,none,,DITTO_FILLED
제주특별자치도 > 여자 > 35 - 39세,2024,적용인구 (명),19925,,data,0,데이터,1072,5,1,none,,DITTO_FILLED
제주특별자치도 > 여자 > 40 - 44세,2023,적용인구 (명),28452,,data,0,데이터,1073,4,1,none,,DITTO_FILLED
제주특별자치도 > 여자 > 40 - 44세,2024,적용인구 (명),27074,,data,0,데이터,1073,5,1,none,,DITTO_FILLED
제주특별자치도 > 여자 > 45 - 49세,2023,적용인구 (명),25937,,data,0,데이터,1074,4,1,none,,DITTO_FILLED
제주특별자치도 > 여자 > 45 - 49세,2024,적용인구 (명),26262,,data,0,데이터,1074,5,1,none,,DITTO_FILLED
제주특별자치도 > 여자 > 50 - 54세,2023,적용인구 (명),30286,,data,0,데이터,1075,4,1,none,,DITTO_FILLED
제주특별자치도 > 여자 > 50 - 54세,2024,적용인구 (명),30108,,data,0,데이터,1075,5,1,none,,DITTO_FILLED
제주특별자치도 > 여자 > 55 - 59세,2023,적용인구 (명),26590,,data,0,데이터,1076,4,1,none,,DITTO_FILLED
제주특별자치도 > 여자 > 55 - 59세,2024,적용인구 (명),27296,,data,0,데이터,1076,5,1,none,,DITTO_FILLED
제주특별자치도 > 여자 > 60 - 64세,2023,적용인구 (명),25631,,data,0,데이터,1077,4,1,none,,DITTO_FILLED
제주특별자치도 > 여자 > 60 - 64세,2024,적용인구 (명),25699,,data,0,데이터,1077,5,1,none,,DITTO_FILLED
제주특별자치도 > 여자 > 65 - 69세,2023,적용인구 (명),20131,,data,0,데이터,1078,4,1,none,,DITTO_FILLED
제주특별자치도 > 여자 > 65 - 69세,2024,적용인구 (명),21417,,data,0,데이터,1078,5,1,none,,DITTO_FILLED
제주특별자치도 > 여자 > 70 - 74세,2023,적용인구 (명),13064,,data,0,데이터,1079,4,1,none,,DITTO_FILLED
제주특별자치도 > 여자 > 70 - 74세,2024,적용인구 (명),13765,,data,0,데이터,1079,5,1,none,,DITTO_FILLED
제주특별자치도 > 여자 > 75 - 79세,2023,적용인구 (명),11376,,data,0,데이터,1080,4,1,none,,DITTO_FILLED
제주특별자치도 > 여자 > 75 - 79세,2024,적용인구 (명),11571,,data,0,데이터,1080,5,1,none,,DITTO_FILLED
제주특별자치도 > 여자 > 80 - 84세,2023,적용인구 (명),9501,,data,0,데이터,1081,4,1,none,,DITTO_FILLED
제주특별자치도 > 여자 > 80 - 84세,2024,적용인구 (명),9514,,data,0,데이터,1081,5,1,none,,DITTO_FILLED
제주특별자치도 > 여자 > 85세 이상,2023,적용인구 (명),10087,,data,0,데이터,1082,4,1,none,,DITTO_FILLED
제주특별자치도 > 여자 > 85세 이상,2024,적용인구 (명),10536,,data,0,데이터,1082,5,1,none,,DITTO_FILLED
